-- phpMyAdmin SQL Dump
-- version 5.1.3
-- https://www.phpmyadmin.net/
--
-- Host: 127.0.0.1
-- 생성 시간: 23-05-06 00:45
-- 서버 버전: 10.4.24-MariaDB
-- PHP 버전: 7.4.29

SET SQL_MODE = "NO_AUTO_VALUE_ON_ZERO";
START TRANSACTION;
SET time_zone = "+00:00";


/*!40101 SET @OLD_CHARACTER_SET_CLIENT=@@CHARACTER_SET_CLIENT */;
/*!40101 SET @OLD_CHARACTER_SET_RESULTS=@@CHARACTER_SET_RESULTS */;
/*!40101 SET @OLD_COLLATION_CONNECTION=@@COLLATION_CONNECTION */;
/*!40101 SET NAMES utf8mb4 */;

--
-- 데이터베이스: `poqutec`
--

-- --------------------------------------------------------

--
-- 테이블 구조 `account`
--

CREATE TABLE `account` (
  `id` int(11) NOT NULL,
  `username` varchar(100) NOT NULL,
  `password` varchar(45) NOT NULL,
  `registed_at` timestamp NOT NULL DEFAULT current_timestamp() ON UPDATE current_timestamp(),
  `person_id` int(11) NOT NULL
) ENGINE=InnoDB DEFAULT CHARSET=utf8;

-- --------------------------------------------------------

--
-- 테이블 구조 `category`
--

CREATE TABLE `category` (
  `id` int(11) NOT NULL,
  `category` varchar(200) NOT NULL
) ENGINE=InnoDB DEFAULT CHARSET=utf8;

-- --------------------------------------------------------

--
-- 테이블 구조 `company`
--

CREATE TABLE `company` (
  `id` int(11) NOT NULL,
  `company` varchar(150) NOT NULL,
  `web` varchar(150) DEFAULT NULL,
  `tel` varchar(45) DEFAULT NULL,
  `fax` varchar(45) DEFAULT NULL,
  `main_email` varchar(150) DEFAULT NULL,
  `address` varchar(200) DEFAULT NULL,
  `registed_at` timestamp NOT NULL DEFAULT current_timestamp() ON UPDATE current_timestamp(),
  `country_id` int(11) DEFAULT NULL,
  `type_id` int(11) DEFAULT NULL
) ENGINE=InnoDB DEFAULT CHARSET=utf8;

--
-- 테이블의 덤프 데이터 `company`
--

INSERT INTO `company` (`id`, `company`, `web`, `tel`, `fax`, `main_email`, `address`, `registed_at`, `country_id`, `type_id`) VALUES
(1, 'Headmark Maquinarias SAC', '', '', '', '', '', '2023-05-04 13:03:08', 138, 2),
(2, 'una empresa lo que sea', '', '', '', '', '', '2023-05-04 13:11:02', 137, 2),
(3, 'una empresa lo que sea una empresa tontonlin', 'www.facebook,com', '32134-123-123-132', '123-123-123-1-23', 'hoasdflk@sdafdsa.com', 'asdfasdf sad fasdf asdf as ddireccion por alli', '2023-05-03 23:48:48', 131, 1),
(4, 'otra tontonline', '', '', '', '', '', '2023-05-04 13:12:17', 3, 2),
(5, 'asdfasfd', '', '', '', '', '', '2023-05-04 13:14:50', 2, 1),
(6, 'this is new buyer', 'welkjsad.csdaf.com', '1232-12312-3', '+123-123-12-3-', 'sadkfjsaf@sdfasf.com', 'no data', '2023-05-03 23:49:44', 4, 3),
(7, 'hola como estas? jiji', '', '', '', 'hola@este.es', '', '2023-05-04 18:16:25', 2, 1),
(8, 'trzxqkbp y  wbn r de   xusly qj dzbx vbi', 'www ao  i t q.com', '41973146', NULL, NULL, NULL, '2023-05-06 12:25:40', 42, 3),
(9, 'zccbhlgwfrnzm bzd ccs  oh ojydcvqd  mshz', 'www lxeegjbhs.com', '433261-5', NULL, 'xgyfv@wxwgigncom', NULL, '2023-05-06 12:26:57', 61, 1),
(10, 'fx  m k uacet  b  hzcauarvl  f g ol qjjb', 'www.iwltrjn wg.com', '4257-401', NULL, 'ngasw@snkpfalcom', NULL, '2023-05-06 12:27:11', 9, 3),
(11, 'd zbabwajp  duwy tojuoap   ujhp   u  hkl', 'www.jyjkxrtmkf.com', '21915-53', NULL, 'grbsa@ovbcjmkcom', NULL, '2023-05-06 12:27:29', 96, 2),
(12, ' iwze  o yee f d vzpp a zjnqbz j q oyifv', 'www.jzfjojsald.com', '16634919', NULL, 'xlwsd@ogozraqcom', NULL, '2023-05-06 12:27:36', 31, 3),
(13, ' nm   kn  nkrdr oqy mowmsrex ifab nywyzv', 'www.crddirnrad.com', '01305601', NULL, 'yatwa@rglrlzwcom', NULL, '2023-05-06 12:27:36', 25, 1),
(14, 'k ocmktb gqbb xqk eb c fqfg qmfitbe ez  ', 'www.okbsfshoxr.com', '47554215', NULL, 'iuxyb@ljdubljcom', NULL, '2023-05-06 12:27:36', 182, 1),
(15, 'wfl      fwf urv bqdyh powe  dnwt vl  sb', 'www.efkliajigm.com', '56130529', NULL, 'zthzf@jjmbryjcom', NULL, '2023-05-06 12:27:36', 13, 3),
(16, 'ea pjhtv sg iu b  f  j ebfjfgtcuapxe  e ', 'www.rhvdbrzpjy.com', '-8-93588', NULL, 'qxfds@orcnpnxcom', NULL, '2023-05-06 12:27:36', 6, 1),
(17, 'plvyd  d t jztl  t xrzw drrxtzh beujng o', 'www.aufisamjxh.com', '38763582', NULL, 'pxgqa@grwnwiqcom', NULL, '2023-05-06 12:27:36', 195, 3),
(18, 'zdjcpvj fdt j b sdbohgqxiquqq k lvkidj d', 'www.cckztvbhkr.com', '9418-596', NULL, 'mrfck@pbpfvndcom', NULL, '2023-05-06 12:27:36', 76, 3),
(19, ' mtl tw  kwgwca  uk vozzg  dr  as ihqfb ', 'www.myduefviyd.com', '571-9703', NULL, 'gzyfl@unbjwwxcom', NULL, '2023-05-06 12:27:36', 91, 2),
(20, ' vh afe  zjhc  t  xu cd i no       f jfo', 'www.wbkijwweqv.com', '977-9501', NULL, 'yxjcp@uwvkqybcom', NULL, '2023-05-06 12:27:36', 125, 3),
(21, 'b  br m efs v xv yh vrv w xc x ashb y  y', 'www.mmcozfssqk.com', '-9585402', NULL, 'zloys@cmwfwvfcom', NULL, '2023-05-06 12:27:36', 23, 3),
(22, 'kysejcvitflbg gz opm   a  hgongdy nebzvl', 'www.dfyojumian.com', '1-257296', NULL, 'xlada@nzimhvscom', NULL, '2023-05-06 12:27:36', 120, 3),
(23, 'ydlgq bdr olafxt ip   gs  y xsvh nr b eq', 'www.pohzvovyfi.com', '617-76-7', NULL, 'mhqdk@elkvikncom', NULL, '2023-05-06 12:27:36', 99, 2),
(24, 'mkd pcqd yqx ypedjun  c dcxyl  m vm   t ', 'www.itwwwrqvpa.com', '90846827', NULL, 'smbqc@ehvshiqcom', NULL, '2023-05-06 12:27:36', 10, 1),
(25, 'zaz q tqmaaftzbmrnyfvof rilw e rfel ry n', 'www.stuxafvawo.com', '33913758', NULL, 'osvmz@bonxkcbcom', NULL, '2023-05-06 12:27:36', 153, 3),
(26, 'sjtkzgx  blso wjkos    k om hwrsk giykpy', 'www.gtuyvzuwua.com', '1-0958-6', NULL, 'fexlk@edvxxwlcom', NULL, '2023-05-06 12:27:36', 182, 2),
(27, 'r hsu xh aapgn q q ex    cpiog   m  wf j', 'www.wvrrvkxrjw.com', '46728906', NULL, 'wdybl@awmpgzccom', NULL, '2023-05-06 12:27:36', 33, 1),
(28, ' wfe me wa em k  s oh n rg  hwtfxid uj a', 'www.gwrpgfzqvw.com', '466-5878', NULL, 'acqje@qnorcqfcom', NULL, '2023-05-06 12:27:36', 170, 3),
(29, ' f bgg   ob bn  t xd pxplamyv ucmgf rlfa', 'www.zutngbhvfq.com', '2037-214', NULL, 'qhekd@spgpyzzcom', NULL, '2023-05-06 12:27:36', 93, 2),
(30, 'p  pwpiucr f av  nmw wg z   zcxlwktb zm ', 'www.iecmjkgkut.com', '79734697', NULL, 'wssgn@qtnvhwkcom', NULL, '2023-05-06 12:27:36', 11, 3),
(31, ' a bam  aoddcynqvikvjtf io  r  l qovb w ', 'www.quqlemsgbm.com', '4749-1-5', NULL, 'dljno@barcgvrcom', NULL, '2023-05-06 12:27:36', 131, 3),
(32, '  vlw f f bhxqg     t fwh h z  o b  bum ', 'www.svtvzcmklq.com', '-8253468', NULL, 'owevu@fxudzzacom', NULL, '2023-05-06 12:27:36', 43, 1),
(33, ' lgsl ql  h coc xje gabz xiae ymn sz vqv', 'www.niqdueltbh.com', '14908618', NULL, 'kmybu@mtqbxizcom', NULL, '2023-05-06 12:27:36', 6, 1),
(34, 'c c opjikdedtmqhapjwln ww b c dlhocgxr  ', 'www.ukaidzinak.com', '45982992', NULL, 'jgxhw@xnpggaocom', NULL, '2023-05-06 12:27:36', 24, 2),
(35, 'wu u sj nhub gckc tbgi  ouyyuq fmsf  can', 'www.jcocciajkm.com', '48456879', NULL, 'xwekm@zucjvhtcom', NULL, '2023-05-06 12:27:36', 66, 1),
(36, 'j molqz cxwqsqw ezptnogfpi j oc w c z i ', 'www.hjipsucnqj.com', '31527765', NULL, 'rmdnp@roncnikcom', NULL, '2023-05-06 12:27:36', 145, 3),
(37, 'qjadkcu zk fxmi px w  prwfqb  w pgppwhh ', 'www.jntalkulgz.com', '30-68641', NULL, 'ovint@hrlkouycom', NULL, '2023-05-06 12:27:36', 146, 2),
(38, 'aspmag  n tegsd  vxqepnw cdz ca m a qqdg', 'www.wnczmptdxt.com', '0-5-1154', NULL, 'bylpu@plchfodcom', NULL, '2023-05-06 12:27:36', 137, 1),
(39, 'pxuusozzzgbx  yi nsz  eouws j    vxzfeyr', 'www.yqywgphnhu.com', '33772255', NULL, 'skleb@bqibrohcom', NULL, '2023-05-06 12:27:36', 135, 3),
(40, 'gt   r  jozr wvz   ihqxtw ux cqnf cgog f', 'www.hmukbkoyjq.com', '66-57660', NULL, 'vusxk@bznhatkcom', NULL, '2023-05-06 12:27:36', 169, 1),
(41, ' o r vxftrcbyq sxmf ffqrkk a dflubyndpp ', 'www.udyrslayqp.com', '25483344', NULL, 'ywyft@jpeymcvcom', NULL, '2023-05-06 12:27:36', 41, 2),
(42, 'mqhd s c dc  rh xg  mgpl pjr  k hnx hg i', 'www.hbivjbcnnj.com', '47993991', NULL, 'fupxg@pzkczjocom', NULL, '2023-05-06 12:27:36', 77, 3),
(43, 'k q  g r inb ltxzuj afu f si gkbjapu ie ', 'www.nzeglxmaax.com', '8918---7', NULL, 'hjnrw@fgmhqticom', NULL, '2023-05-06 12:27:36', 141, 3),
(44, '  m  qbe c w n  q  fnv ufhscjvgg ro mqv ', 'www.bidjsarltn.com', '3297126-', NULL, 'fkoqd@fxqrkgscom', NULL, '2023-05-06 12:27:36', 59, 2),
(45, ' unf  vzgz rr   dafpd x pcdsa  edha cb r', 'www.wfhllbutaz.com', '50975331', NULL, 'haevr@ddgbdyucom', NULL, '2023-05-06 12:27:36', 142, 3),
(46, 'r aascg xqhmrxgr l mpbner bihxrq wv ev j', 'www.asenwaljhb.com', '58-01513', NULL, 'oibxq@ympanyhcom', NULL, '2023-05-06 12:27:36', 136, 1),
(47, ' t  mq orizzkv  bfrtml e jehd ns cchfzl ', 'www.emtfrbocyh.com', '29001702', NULL, 'ikyrc@lgotoskcom', NULL, '2023-05-06 12:27:36', 16, 2),
(48, '  reu iwz  zr p lgglmtfkh rw   j rlyvjmh', 'www.kdastrqiqg.com', '451-4247', NULL, 'qwzon@zuqhvhfcom', NULL, '2023-05-06 12:27:36', 105, 1),
(49, 'o b e zm  fxizqqb uag  eavlwxbna ya  eyu', 'www.dzvwsymdnf.com', '87701294', NULL, 'riyyk@jhplgcccom', NULL, '2023-05-06 12:27:36', 39, 2),
(50, 'xwbmuecgj  e alckzq   i  fiu vrkufrzda k', 'www.aoswsxubpg.com', '35546480', NULL, 'qlqil@eruypgwcom', NULL, '2023-05-06 12:27:36', 25, 1),
(51, 'r o  uo eigs brq um  hlsv z wuzod aai rz', 'www.pgzdnwqyec.com', '-1-83712', NULL, 'feovp@bekrtqucom', NULL, '2023-05-06 12:27:36', 174, 2),
(52, ' jzgb bj vhfbyq  ncx  inj wa fdpot d aw ', 'www.mzirwwdyxl.com', '95720398', NULL, 'lctgy@edjxyexcom', NULL, '2023-05-06 12:27:36', 176, 1),
(53, '  s kdk  sjo   rcnwxftlz pl  l ccut  z d', 'www.ebdgyanqmj.com', '07491-77', NULL, 'pjutq@wmtodvicom', NULL, '2023-05-06 12:27:36', 24, 3),
(54, 'e c nypw hvcqj  fmudh ntu    fhs  eqasi ', 'www.laqeqgewil.com', '33316299', NULL, 'ozuis@fmgvymncom', NULL, '2023-05-06 12:27:36', 134, 1),
(55, 'o olaliodrbadre veeh jxwwkm atfgzduqie  ', 'www.dzvyouaars.com', '00054376', NULL, 'yazrc@eakrfdrcom', NULL, '2023-05-06 12:27:36', 88, 2),
(56, 'op      g fl i  ts hd  p   tlsyyc s gqzj', 'www.vhcpqfuqbl.com', '65087655', NULL, 'satze@rgwzdmpcom', NULL, '2023-05-06 12:27:36', 191, 2),
(57, ' s zhaqzfcgkq nbzy rixv txjdoksvkgc m pz', 'www.gwbxkcnken.com', '43607001', NULL, 'gwuis@hvkaruqcom', NULL, '2023-05-06 12:27:36', 40, 1),
(58, ' yfj  h  mynx  zwxwyhgpprjwtf zoetxnu  x', 'www.qmihsjtxib.com', '09684050', NULL, 'liked@tgmyiyacom', NULL, '2023-05-06 12:27:36', 3, 3),
(59, 'n xoywxk hyns t udvp fboy sv   m vh b yc', 'www.idykuysptu.com', '-5942345', NULL, 'swdeh@jmrjxyqcom', NULL, '2023-05-06 12:27:36', 165, 2),
(60, 'jqhsavxdof   b    u tp ab jrhwy vicvg vs', 'www.pginsghnip.com', '-7-91372', NULL, 'udxbp@dwjwknecom', NULL, '2023-05-06 12:27:36', 147, 3),
(61, 'xoipalmxt b  a a luegh ghdinabz yjcbtjdf', 'www.gbxjplfqlv.com', '39596-98', NULL, 'modyw@fvitmgecom', NULL, '2023-05-06 12:27:36', 93, 3),
(62, 'zdy y pitsybauy  zpa i jlbqclfbnftsy moe', 'www.ubxttaousx.com', '05014337', NULL, 'xwuxu@oawjfixcom', NULL, '2023-05-06 12:27:36', 155, 1),
(63, 'kbn  zmcahrsafjyr knfs z vi h  oaojs   l', 'www.psonpuoswl.com', '783630-0', NULL, 'lgmhl@hjjvgxmcom', NULL, '2023-05-06 12:27:36', 58, 3),
(64, ' mvlzlumb  izy aiok n qy  f c vvixj hcri', 'www.djfjmzsquw.com', '89111-90', NULL, 'jntnv@jlkidvvcom', NULL, '2023-05-06 12:27:36', 83, 3),
(65, 'wr  x u  ytuvcrua x kv  qzpqn  ct  c lri', 'www.ddbeqifgoy.com', '04727308', NULL, 'vqvuv@czvmncncom', NULL, '2023-05-06 12:27:36', 19, 1),
(66, ' dmpdr klq phop m igm qwrib wcua a  s ym', 'www.nxeteqbnjz.com', '36834-77', NULL, 'whzof@xpzzznjcom', NULL, '2023-05-06 12:27:36', 174, 1),
(67, ' xd gilb  sveawka amqd eg c   hwmgsokbg ', 'www.gytcoqijjd.com', '1331904-', NULL, 'qlkyt@rparwdycom', NULL, '2023-05-06 12:27:36', 135, 2),
(68, ' zprfpal  ct   mhpjme  p  moi  whqriih j', 'www.bkprenvjdl.com', '-71293-7', NULL, 'skjoh@vuvaigzcom', NULL, '2023-05-06 12:27:36', 41, 3),
(69, 'fd  xudw e h  ejt yi  pbv  u gl vy ckf q', 'www.vmetshhjax.com', '27881378', NULL, 'ewlmh@izgabezcom', NULL, '2023-05-06 12:27:36', 21, 1),
(70, '  ausme  tse dmgiczosih zhi k vz egwbqy ', 'www.cfcppxywoe.com', '845656-8', NULL, 'biktt@elrskaicom', NULL, '2023-05-06 12:27:36', 98, 2),
(71, ' f tct evt  jq cdtwijyd   xuvdkspgnj  bs', 'www.mgdkjxjepm.com', '9-038369', NULL, 'dipql@ttjlhgqcom', NULL, '2023-05-06 12:27:36', 116, 3),
(72, 'b  kimmdym g o  j ie s v ovuxrsdvv  ar k', 'www.mfsadfuxqs.com', '84569033', NULL, 'fsuql@bzwviimcom', NULL, '2023-05-06 12:27:36', 6, 3),
(73, 'l sxmhelfcbh   kqxejbluo  rxt  ozqsn fhr', 'www.gpgrfhfowt.com', '51-51994', NULL, 'rwrug@tddccghcom', NULL, '2023-05-06 12:27:36', 111, 1),
(74, ' dgrop sl o ohbpf e   abbdrk k h  vddo i', 'www.bhpsqfqtqi.com', '38654562', NULL, 'fawru@tddkkqpcom', NULL, '2023-05-06 12:27:36', 78, 1),
(75, ' ghsbw  i d  kof  hgbjg jeypdv azh l  gw', 'www.ebzsuanhra.com', '982247-4', NULL, 'yrfud@hgwbwtzcom', NULL, '2023-05-06 12:27:36', 12, 2),
(76, 'w ntod u h  yi jvvot dsdf fjmejui f zbsk', 'www.daseblarti.com', '-5-65686', NULL, 'xnjrk@wyelvjbcom', NULL, '2023-05-06 12:27:36', 133, 3),
(77, 'fpb ntpbgdjrarm dhmf dhvchpw  qlhrloq q ', 'www.ylsvaplcxp.com', '76-01651', NULL, 'bhgoh@rriypricom', NULL, '2023-05-06 12:27:36', 100, 2),
(78, 'urxomqlh fhs     x   whbc i fw eqv  apsv', 'www.ewkyyshraw.com', '4-4373-4', NULL, 'gjgyc@nmblvyucom', NULL, '2023-05-06 12:27:36', 71, 1),
(79, 'h on ncbo k q vqnvatv brlsqhgb olhnki  x', 'www.onslyfpklx.com', '-8572996', NULL, 'ttwkr@sychowpcom', NULL, '2023-05-06 12:27:36', 127, 3),
(80, 'ztt fk psz m  nvwduryryvkiqg bbmo vqh cp', 'www.xbrhnchdsj.com', '3557823-', NULL, 'zcdwb@elxdekncom', NULL, '2023-05-06 12:27:36', 69, 1),
(81, 'hphoy lkghklgycgkcpgmea me tf dtz   pp  ', 'www.goqdnvljex.com', '12074974', NULL, 'zqhyi@hbjzhpicom', NULL, '2023-05-06 12:27:36', 76, 2),
(82, ' q oppsav molkqlqzd mpx x dizdnh wuxdi c', 'www.dynoxiczbt.com', '66349405', NULL, 'thzrn@nmflzjacom', NULL, '2023-05-06 12:27:36', 165, 3),
(83, 'l   egldbdf tchzz pg r zhthkakcktxlcbhg ', 'www.tnvpzfvpvb.com', '--656236', NULL, 'rlfqg@oxosacucom', NULL, '2023-05-06 12:27:36', 134, 2),
(84, 'fbda   suo vfre  kipk   qfmsnpuzpjk  t  ', 'www.inwxwggfmw.com', '19642836', NULL, 'vplev@fqwjeytcom', NULL, '2023-05-06 12:27:36', 60, 3),
(85, 'ry  wc  nac dbl  cgceqk mpfislwvuitp  a ', 'www.wkidqzszty.com', '989199-6', NULL, 'pwrsr@yibtehhcom', NULL, '2023-05-06 12:27:36', 180, 1),
(86, 'epaxcf   hlcpodb yhnczjq pbae   q s xdu ', 'www.ljkbwolllu.com', '5837-556', NULL, 'rlqox@peekqnqcom', NULL, '2023-05-06 12:27:36', 187, 1),
(87, '  ft   rc   il e d lvq kl ouxpv   xthf r', 'www.upuajoyklx.com', '9-973374', NULL, 'gcvfw@tehdxcfcom', NULL, '2023-05-06 12:27:36', 5, 1),
(88, 'k grexz  hdvg m eeh hxl cm x aoarg rafqq', 'www.ixznpovbye.com', '32875634', NULL, 'tjoqf@exrlhdccom', NULL, '2023-05-06 12:27:36', 77, 3),
(89, 'tfk dujqjsmgjhxsy v lth hpkuiaawru   xld', 'www.kkmsguyvbl.com', '79287076', NULL, 'vgslr@nggjoagcom', NULL, '2023-05-06 12:27:36', 55, 2),
(90, 'nahg ethju g klqsbou jwnhayf  ano ynrz q', 'www.lcfamokbcu.com', '9519574-', NULL, 'tnxgr@huospfocom', NULL, '2023-05-06 12:27:36', 102, 3),
(91, 'w zfb mz  ezqvcstsudn   q r  b  rhhgy   ', 'www.zgqjjcispf.com', '04277368', NULL, 'cqdak@oytqwojcom', NULL, '2023-05-06 12:27:36', 143, 3),
(92, ' jbidvwcqzhcshb lriu onpga xm   jtsr  zr', 'www.dwxpdfjvem.com', '23467730', NULL, 'dhssm@aoxgvdlcom', NULL, '2023-05-06 12:27:36', 81, 3),
(93, ' rtxz rjz dq   r abgkirizh l pzkfvzwt dv', 'www.tgurjbmxbh.com', '5-20247-', NULL, 'nzejv@pmnltxwcom', NULL, '2023-05-06 12:27:36', 95, 2),
(94, 'yjf  hsxp ivcaw ulryout z h cjotboj y s ', 'www.qustwupoqi.com', '375-6836', NULL, 'dtojg@cjeqznncom', NULL, '2023-05-06 12:27:36', 70, 1),
(95, 't m tf  f  tura wkl  ymfxnijsb dgno m   ', 'www.jiqrrtwjmu.com', '4-490910', NULL, 'okita@dwwhmqocom', NULL, '2023-05-06 12:27:36', 68, 2),
(96, ' zcc d nbowebfiwqcujuouxn  cl nhd ods  s', 'www.hcyxuzigcm.com', '79041610', NULL, 'jvhaa@nfdtjckcom', NULL, '2023-05-06 12:27:36', 168, 3),
(97, '   w rndb jg s o gisbj   naqga i lq zg t', 'www.dybiqluitk.com', '47469877', NULL, 'wyrno@ssrkxymcom', NULL, '2023-05-06 12:27:36', 75, 3),
(98, 'v a  scsno h r si mtioy kzd t egp       ', 'www.pdcvqzocdn.com', '7457832-', NULL, 'glddx@nrarzmjcom', NULL, '2023-05-06 12:27:36', 174, 2),
(99, ' sxe z  ilf  ex fpqejqjby lk  byszy  nct', 'www.flaubrkrgq.com', '8-680690', NULL, 'pgeaz@hkiwzhicom', NULL, '2023-05-06 12:27:36', 181, 3),
(100, 'evt f nfcz a gy w syql    w  zouc mcsup ', 'www.dqgapprkzm.com', '9174127-', NULL, 'manbv@hnxugpmcom', NULL, '2023-05-06 12:27:36', 97, 3),
(101, 'jbwbzjoy ueoqymizobr   pbevc ulibj  jml ', 'www.tamsysujzo.com', '60921-77', NULL, 'yvxlp@fhtebwscom', NULL, '2023-05-06 12:27:36', 67, 1),
(102, ' r fb  lrcetyxns   tj p  cmznwmzofgdv  j', 'www.jkpppdhsgy.com', '2773203-', NULL, 'pleiw@hbkxdzwcom', NULL, '2023-05-06 12:27:36', 48, 3),
(103, ' i zea k yr lv  orkwzz o  voxf baq zuvyx', 'www.pykuzniuep.com', '23-14685', NULL, 'qloyh@nqdcbfdcom', NULL, '2023-05-06 12:27:36', 129, 2),
(104, 'mhkqsmqbfgxmakd  b uf vpl ad  gatlfp  l ', 'www.dbwzbdndcm.com', '68241149', NULL, 'cdpmf@uaevbzocom', NULL, '2023-05-06 12:27:36', 108, 1),
(105, 'nm g kay     jnma  kadsi csj yubxsya pay', 'www.xuehvhsomb.com', '--295370', NULL, 'wkais@ypjkvnmcom', NULL, '2023-05-06 12:27:36', 72, 3),
(106, 'b rruymrei   vgh  r    s  r ry lbybkiyo ', 'www.cusuadqkbz.com', '524170-8', NULL, 'rikdx@qgyhmxacom', NULL, '2023-05-06 12:27:36', 27, 2),
(107, 'rt f y a ebw x uz gfay gsdq kicfa rrss j', 'www.bnbfitdxjt.com', '79718946', NULL, 'mlebx@qsuimvmcom', NULL, '2023-05-06 12:27:36', 136, 3),
(108, '  afppjn ftmw feq  rt f kwgoftlf p lseq ', 'www.icopovqyqg.com', '-34-7391', NULL, 'wteon@cwyzosjcom', NULL, '2023-05-06 12:27:36', 91, 3),
(109, 'g  nx  zexm qwkeznrn mzggccg jkp  gle uw', 'www.oourxlwhlp.com', '3972130-', NULL, 'azydi@toshgcfcom', NULL, '2023-05-06 12:27:36', 121, 1),
(110, 'f v mcl fu k   rnh v sp ze  ifwf  mqydjc', 'www.jpuazatzqd.com', '21-41839', NULL, 'ycmtd@vdaprojcom', NULL, '2023-05-06 12:27:36', 16, 1),
(111, 'zo r uey oa  nyyp xl mlvcq cbi   vwt uhr', 'www.swgqhxizuz.com', '7562--77', NULL, 'ygryv@dlubuzwcom', NULL, '2023-05-06 12:27:36', 112, 3),
(112, 'nsmyspk qjtscucixlkhx ha dm tg ss asfnz ', 'www.lwwjrfgeyc.com', '01-02693', NULL, 'uhvrv@igqodgccom', NULL, '2023-05-06 12:27:36', 138, 2),
(113, 'b  vga  b wqfx  lkpeqj  fl agqubs kwr a ', 'www.igextzmptn.com', '20911348', NULL, 'mrkno@znpcbwhcom', NULL, '2023-05-06 12:27:36', 159, 1),
(114, 'xb  txqx w g bzd  ne jytjjde  gxd odj   ', 'www.oijpiunlwz.com', '29620065', NULL, 'pgpee@nlymilecom', NULL, '2023-05-06 12:27:36', 163, 1),
(115, ' n   zvx wkapp e cer   iewunjogn tll  k ', 'www.fzchqpxlez.com', '33666069', NULL, 'hxljk@yngnpmfcom', NULL, '2023-05-06 12:27:36', 4, 2),
(116, 'lc mx lgcskz m eai m hbgyqu stx o qhqjqx', 'www.jkberyvogc.com', '93190089', NULL, 'tibjl@fxdmfcvcom', NULL, '2023-05-06 12:27:36', 113, 2),
(117, 'qo   banuk  p oqjgc grc f psie  y ozv k ', 'www.yblmhjslhs.com', '-0409375', NULL, 'qolja@xptjztzcom', NULL, '2023-05-06 12:27:36', 18, 2),
(118, 'ack   m tcqgkozlsrlfrudqufoq jzptfh     ', 'www.ipdpzqowai.com', '8788-115', NULL, 'jmtvt@lsybkgacom', NULL, '2023-05-06 12:27:36', 163, 1),
(119, 'fsg   ozr ys s us dbxshff hx g wi  dvneh', 'www.kaixoifemz.com', '4-415787', NULL, 'ddycd@pnoaislcom', NULL, '2023-05-06 12:27:36', 184, 3),
(120, 'fvagbv cq p x f pjrszi xmd  okl yft alnt', 'www.ysgueoesvn.com', '264-7-18', NULL, 'mwaqy@ykwlqizcom', NULL, '2023-05-06 12:27:36', 62, 3),
(121, 'hhrzo guwd  d  gqlfertgx mxj  hh  mbmm l', 'www.lirbrsnkns.com', '05872046', NULL, 'pvjtl@dlkfrufcom', NULL, '2023-05-06 12:27:36', 183, 2),
(122, 'eqhtxgo tgig mvoza phryn dvd rqdgav yvzd', 'www.julvmwyhpo.com', '12432727', NULL, 'xiohe@ytsyinucom', NULL, '2023-05-06 12:27:36', 106, 2),
(123, 's bzrzu yayrpft pok a mkqp  pa   tzgbiff', 'www.dddcqnzbbc.com', '98915628', NULL, 'prqtp@iphfmhecom', NULL, '2023-05-06 12:27:36', 160, 1),
(124, 'ofnat ycgu auixrws ftctu fskddykqc  apty', 'www.yuxbndbnzb.com', '37245301', NULL, 'jevvt@vuunjoicom', NULL, '2023-05-06 12:27:36', 128, 1),
(125, 'rnamxqkphuh   bl sxb rdpj iezlb c nqkd r', 'www.qijeersjsq.com', '776-7116', NULL, 'dprlu@avyodadcom', NULL, '2023-05-06 12:27:36', 109, 2),
(126, ' imxpr qxyfpb cii apfnvlvsszy  h paq e  ', 'www.hmfigqpzhb.com', '12803636', NULL, 'fnnje@joqomlacom', NULL, '2023-05-06 12:27:36', 17, 2),
(127, ' fcuid   h ygjyuih  mn awhbmrl  jvwxf   ', 'www.dndjzziqtp.com', '77--408-', NULL, 'xyuse@qpygapdcom', NULL, '2023-05-06 12:27:36', 128, 1),
(128, 'clfi xofzc   i z nkeb   m  q  f tkix lgw', 'www.suidgopppd.com', '22081-62', NULL, 'hukbo@cedjnfpcom', NULL, '2023-05-06 12:27:36', 84, 2),
(129, 'msqrz gbwae yn  qc lvqlc xg kirr hi qcdl', 'www.foiiukhlkc.com', '6177-327', NULL, 'wngvr@uudpbyvcom', NULL, '2023-05-06 12:27:36', 104, 3),
(130, 'i   lwd qtuxbyiqau   yo   b rwbhawg j b ', 'www.qotuhpdmjq.com', '19-8-717', NULL, 'nkhwc@drqbpmfcom', NULL, '2023-05-06 12:27:36', 185, 2),
(131, '  uuq tk jqfwpen s duj fd  cwci t  c e q', 'www.jxqenatgqw.com', '05-41264', NULL, 'ilsno@hahfvmycom', NULL, '2023-05-06 12:27:36', 22, 3),
(132, 'y  it svppehgk sxgfe  qj  tucb wtcpdndft', 'www.mxjilgmqoq.com', '98005327', NULL, 'jxhug@hqzxhuacom', NULL, '2023-05-06 12:27:36', 53, 3),
(133, 'j dnv rr pa je gx    wzkucpaepz  eu quvl', 'www.vuvbqaeaep.com', '515581--', NULL, 'zrmga@iphbgimcom', NULL, '2023-05-06 12:27:36', 195, 1),
(134, 'd tb y upscwyoy xwdj njbtfip  uiuyb eamc', 'www.euykzfjrga.com', '48831-74', NULL, 'rjstw@xmopwvecom', NULL, '2023-05-06 12:27:36', 148, 1),
(135, ' cyax  mbdak g  cbxxve ege hvq   a qdupq', 'www.fskfjocgxf.com', '50344-12', NULL, 'nnqhh@qbbqjkhcom', NULL, '2023-05-06 12:27:36', 36, 3),
(136, ' v rp vdui  l iit  n gg   o z xrorfl b s', 'www.uvlonilqcx.com', '86360613', NULL, 'fjoys@bjgjbeocom', NULL, '2023-05-06 12:27:36', 75, 2),
(137, 'khevoz xq  fkkwumh uz ezutasgl  mpyv lim', 'www.jhuljighxe.com', '1026-787', NULL, 'thoaz@heejntocom', NULL, '2023-05-06 12:27:36', 70, 2),
(138, ' bvhtslvev   glbb  uqp fxfo vpzthnkaqf h', 'www.jbqzkveljv.com', '70972566', NULL, 'zfbcs@zmahxhfcom', NULL, '2023-05-06 12:27:36', 35, 3),
(139, 'q srlopcssgbvrvsotczeabeafzrx abf py l y', 'www.scyihurwgs.com', '95352115', NULL, 'wapja@sdtqigncom', NULL, '2023-05-06 12:27:36', 27, 1),
(140, ' undluoffmtoyl  lmnyq p t vfjh cwnzqeof ', 'www.ynfavxrqxa.com', '487230-0', NULL, 'omfso@qhywzoucom', NULL, '2023-05-06 12:27:36', 176, 1),
(141, 'ai dos  oltoz tsan  vybzm ba  pyglcy iwc', 'www.stehlxixrr.com', '45250454', NULL, 'iqeee@gtunixkcom', NULL, '2023-05-06 12:27:36', 88, 3),
(142, ' aq dltnfi uubx u m avpizoliojkq rhko  h', 'www.llfhomhsqd.com', '7446-169', NULL, 'ydzlj@qbvxpshcom', NULL, '2023-05-06 12:27:36', 109, 1),
(143, ' f rlnv zhc unjdq smcdb bgsb d vcahpoyhe', 'www.tbllmhpfhw.com', '-10-3600', NULL, 'duyok@vzsmlrscom', NULL, '2023-05-06 12:27:36', 158, 2),
(144, ' la f  y l wsi  poua ad qsxadyrda awkawo', 'www.ahbeqwkinx.com', '216565-6', NULL, 'ohfze@efgmkjgcom', NULL, '2023-05-06 12:27:36', 40, 2),
(145, 'hhpgp vs bf uokepak tfhm quyinv  x u i m', 'www.pergywetdt.com', '48946103', NULL, 'prtyx@xcjlkxdcom', NULL, '2023-05-06 12:27:36', 139, 2),
(146, 'tw cd l hrj  du q   ewqb kbmfu cs     xw', 'www.uluwuuulch.com', '6015218-', NULL, 'wqbki@bcpmnclcom', NULL, '2023-05-06 12:27:36', 68, 1),
(147, 'gaqzspuiscl sbkh ort p c r ygoi akpal mx', 'www.axplujnpyf.com', '4807467-', NULL, 'byimb@kmfszmzcom', NULL, '2023-05-06 12:27:36', 18, 2),
(148, 'z raoj  s d   zeyd moy ijven zra dbyyy h', 'www.udiavtqnaw.com', '81233517', NULL, 'tnzso@mhdtllicom', NULL, '2023-05-06 12:27:36', 70, 2),
(149, ' evbs uuf   sntvij  zmicj h my cgwv   gx', 'www.ajyatncioy.com', '06557777', NULL, 'iuaha@nljcxddcom', NULL, '2023-05-06 12:27:36', 144, 1),
(150, 'abb purrv z mm a nrtrnypigqjljjpt  u tas', 'www.oilffqlfoi.com', '09150-54', NULL, 'wpfsm@gdxbshzcom', NULL, '2023-05-06 12:27:36', 124, 2),
(151, ' m  qit er x vavv x     jst zxl albbcvmr', 'www.vwzgppdegh.com', '091-9720', NULL, 'xyfpf@jotgpkncom', NULL, '2023-05-06 12:27:36', 82, 2),
(152, 'sjjzqokzwrmxtyk uoquha hl a   lletnux ck', 'www.wgvlrfsqip.com', '61519745', NULL, 'isrje@lablslocom', NULL, '2023-05-06 12:27:36', 2, 1),
(153, ' dvtk p zoi  iio q  cl rfq jvav  b caw i', 'www.sajqhmsqhb.com', '506730-1', NULL, 'ecfum@huqxnuxcom', NULL, '2023-05-06 12:27:36', 37, 3),
(154, 'grd  fy zdnd xtddcbvqaubt inbz  qrwpjsa ', 'www.hksvsgwunm.com', '5824-244', NULL, 'frysb@iknrkndcom', NULL, '2023-05-06 12:27:36', 189, 3),
(155, 'cvrssd iwnoa glbws ognhepgufqevr tf oxxe', 'www.glurnqsato.com', '30501-74', NULL, 'vsumb@qfzdmfacom', NULL, '2023-05-06 12:27:36', 22, 2),
(156, 'nadtxbzatvytpx ivzp tf ck  qjfs  gxuod h', 'www.emogedaaok.com', '64-88612', NULL, 'kqwnm@jewvqyccom', NULL, '2023-05-06 12:27:36', 66, 1),
(157, 'ag  ao  swplc    d saf bijpyhvl idwgi no', 'www.btgmxycslw.com', '91880635', NULL, 'xytok@fqgeuxncom', NULL, '2023-05-06 12:27:36', 144, 1),
(158, 'uepn t k  swt rncovjo xqux   b  l iw j g', 'www.vxgerqubex.com', '95577948', NULL, 'ubjxq@ecwelakcom', NULL, '2023-05-06 12:27:36', 99, 2),
(159, 'ugua   bo ginbrmcw u uqzxguzbtp h   p  d', 'www.rvknnrvmqx.com', '72467148', NULL, 'elocl@sgiltbucom', NULL, '2023-05-06 12:27:36', 131, 2),
(160, 'll  w ytje v xy hg vhf fyrml o y n a nm ', 'www.wlmfxdplup.com', '686-558-', NULL, 'kiksy@wrvhgptcom', NULL, '2023-05-06 12:27:36', 185, 1),
(161, 'arj  qtnu   v  jsk  b scoxo jqing wazl s', 'www.jmybkxnwfm.com', '737729-1', NULL, 'ylrlw@uqcphbtcom', NULL, '2023-05-06 12:27:36', 144, 3),
(162, 'so djbw d jneo   viyqn y eflkp u  u   nh', 'www.huksbhlyaj.com', '433-0412', NULL, 'yxdin@csymubicom', NULL, '2023-05-06 12:27:36', 154, 1),
(163, 'ljrrllj   lravx swhw cjdv      k  h  tca', 'www.xsotaiduyq.com', '76309-55', NULL, 'sldar@jresngycom', NULL, '2023-05-06 12:27:36', 29, 3),
(164, 'rwl zpec sg hwyknus pipsy  r g a  spf xu', 'www.oljfpcyvow.com', '1125-818', NULL, 'feucl@dccpgjecom', NULL, '2023-05-06 12:27:36', 73, 3),
(165, 'v gio vmx h w es reu s   oidhv ckjst le ', 'www.sctkvxnlos.com', '933-1861', NULL, 'gtyig@gacckrtcom', NULL, '2023-05-06 12:27:36', 95, 2),
(166, 'og  jk jz     xmudn ev fyy diw raw ikr d', 'www.qmlqrqjybb.com', '887-2163', NULL, 'wggbp@kaxiflpcom', NULL, '2023-05-06 12:27:36', 16, 1),
(167, ' vvw  h  dk  z   yp  doizmn  vjwezg ygzv', 'www.swcxstogio.com', '42788690', NULL, 'bspty@pfueflpcom', NULL, '2023-05-06 12:27:36', 189, 2),
(168, 'xh uf  zhorwdl x zk sf qzshhpd d rn q fl', 'www.mrzqefirij.com', '21054948', NULL, 'zgoun@ggsvsapcom', NULL, '2023-05-06 12:27:36', 189, 1),
(169, 'fb jqkvv vpogi nezcn hj   en   rnrf  bbd', 'www.lggouvjxeo.com', '520-9-27', NULL, 'dtkbh@yugiollcom', NULL, '2023-05-06 12:27:36', 76, 3),
(170, 'ztqenfj ahux a zsamkvs    xt hd jmd q  v', 'www.sxpmoopqhb.com', '81755859', NULL, 'rkzlq@sskpprdcom', NULL, '2023-05-06 12:27:36', 109, 2),
(171, 'cjrzl wwepl tlue u s mqe dnp pki uvfqwns', 'www.cjpsiyemax.com', '44960994', NULL, 'yecqr@drgzabycom', NULL, '2023-05-06 12:27:36', 12, 1),
(172, 'vzb mjojlomwsm kadhdqpbbvbv k atydxyropj', 'www.wfscmdfbaq.com', '83055259', NULL, 'jbatf@cdgmhwhcom', NULL, '2023-05-06 12:27:36', 72, 1),
(173, 'vtg gxf  r sfi  tkw cebpvhbgrcbgbx z  n ', 'www.fzjoommtfh.com', '63420690', NULL, 'cphvv@hnwdlhqcom', NULL, '2023-05-06 12:27:36', 156, 3),
(174, 'h s ncvcu ugm  r ypznzzv nrhg cj pmjf c ', 'www.rsftkfyjuw.com', '01591153', NULL, 'hhgcy@vqyhvpqcom', NULL, '2023-05-06 12:27:36', 152, 1),
(175, '  ad  ju jjxfatnea zek h  almwdx j pno  ', 'www.gjzvlbiftg.com', '281-3144', NULL, 'hgaix@vlozjwjcom', NULL, '2023-05-06 12:27:36', 57, 3),
(176, 'a   erqi zbqi  e eqce dcil ij plihbg  q ', 'www.ymkqaxcdhw.com', '22302855', NULL, 'pkrrc@bepfoxwcom', NULL, '2023-05-06 12:27:36', 23, 3),
(177, ' qlfao  okddb mde   e h  np eufmx yzu qi', 'www.mvlnmmlpvm.com', '-5009840', NULL, 'qxiwd@ibppifqcom', NULL, '2023-05-06 12:27:36', 99, 3),
(178, 'crw  bcmj mop vvysfouz  pcb cm cw q p  l', 'www.fptcpadttw.com', '64909479', NULL, 'yamwa@rvbnyuacom', NULL, '2023-05-06 12:27:36', 129, 2),
(179, ' a ip qph vk fg shtfayrn n   w xdqmqba  ', 'www.fvqsignvfj.com', '857081-1', NULL, 'esvdw@ubchvrgcom', NULL, '2023-05-06 12:27:36', 30, 2),
(180, 'cwoo g dx hctwbaghlc ur  u q b t klfgab ', 'www.csekbxkyqt.com', '81552234', NULL, 'pueol@bawqhjncom', NULL, '2023-05-06 12:27:36', 58, 2),
(181, 'ewidfthn fgu xuqyuzgkyj k   z aqfs aghzm', 'www.fcyloauwsp.com', '3-9-9011', NULL, 'hlmhc@svdiqgncom', NULL, '2023-05-06 12:27:36', 59, 1),
(182, 'd qnvngfyen k esc kpvfoeyu i a qcq gd iy', 'www.pibohlvgjo.com', '65-27097', NULL, 'xjlru@xaeuaftcom', NULL, '2023-05-06 12:27:36', 193, 1),
(183, 'i lgcunqkl  f yxibthnmwv y xjl  jbpmk wx', 'www.cawxilfmrn.com', '97183409', NULL, 'mzwhr@kmjnidjcom', NULL, '2023-05-06 12:27:36', 163, 1),
(184, ' kjo kr ha vxr z ga qdi  e xtg xpzonrchj', 'www.xewlbtjfwa.com', '22372939', NULL, 'cmtlc@vxlvbvjcom', NULL, '2023-05-06 12:27:36', 100, 3),
(185, 'lq wj dko ow eghoauiqlknzq tqh c m  aqip', 'www.xbyhnhzjqd.com', '29976761', NULL, 'poqei@ukpklhccom', NULL, '2023-05-06 12:27:36', 130, 2),
(186, 'jakb q qwlxypucvj wwto i vcij nhcmgiy   ', 'www.pteygcnloc.com', '-69961-1', NULL, 'fejhx@anglbjhcom', NULL, '2023-05-06 12:27:36', 107, 1),
(187, 'd  mzrf xwgwcsj xc i  cc c vbgl  rre  nf', 'www.vjouoqyjwa.com', '0762883-', NULL, 'kvabq@zmiihcxcom', NULL, '2023-05-06 12:27:36', 156, 1),
(188, ' p mwdbdtnmosypmtdwxqyhky doeg ce  k yxz', 'www.pbvkmwsesb.com', '74334390', NULL, 'mewio@jgwqvmxcom', NULL, '2023-05-06 12:27:36', 158, 3),
(189, 'ga  p mj  xtoy er y  kqmvyvqjzrayqtfbwbv', 'www.hykihebhsk.com', '71425176', NULL, 'vlhzw@pnemgtkcom', NULL, '2023-05-06 12:27:36', 155, 3),
(190, 'msy  b rf ql ics l  azugqw x e oacwcty p', 'www.dxeblbmvqm.com', '33197892', NULL, 'jebcp@zdwjhfxcom', NULL, '2023-05-06 12:27:36', 37, 1),
(191, 'xpgu uzp xx as  jche zxvbnoan  xlaepo ou', 'www.pqfytomucx.com', '-1086376', NULL, 'kzhxv@lypjjwgcom', NULL, '2023-05-06 12:27:36', 95, 2),
(192, 'snumi nm d q g ik tc hy arxds ih  w cdt ', 'www.ekjkvyrijj.com', '3578-700', NULL, 'ietay@hhamhkhcom', NULL, '2023-05-06 12:27:36', 180, 2),
(193, 'kitf  gvpmx cyyc mthg nc ssv kfzjpxfavsi', 'www.jakhswbtrw.com', '79-57164', NULL, 'cwwqb@etmtqdvcom', NULL, '2023-05-06 12:27:36', 60, 3),
(194, ' dmkr mwlgohbt oob  iduqx zgrvlrbppy  vb', 'www.lavqtrxryv.com', '352740-2', NULL, 'fqqhr@cuyankicom', NULL, '2023-05-06 12:27:36', 131, 3),
(195, 'c  g r ehg   ajjkg dhjk  r    xg t zs  w', 'www.ihhjkgcphe.com', '-8195373', NULL, 'ispik@mwwrruicom', NULL, '2023-05-06 12:27:36', 119, 1),
(196, 's u   cmjfvqn wn l n uv ievgp imrcu mg c', 'www.sgsnusiceu.com', '82102350', NULL, 'wallm@woebiqqcom', NULL, '2023-05-06 12:27:36', 58, 3),
(197, '   bjxc ed ljmux     yymw tfk nsr iuur n', 'www.atymbsotdl.com', '43357120', NULL, 'gyuwc@usoxaopcom', NULL, '2023-05-06 12:27:36', 11, 3),
(198, '    pfk bxnhga  rda gx ky xes w itfdjp c', 'www.hyeatstrng.com', '80623694', NULL, 'hnjhn@wvotygfcom', NULL, '2023-05-06 12:27:36', 183, 3),
(199, '    ly fpqbttany wwlj vqkrt  x  ce vovnb', 'www.byujbqqcfh.com', '64087021', NULL, 'jlgoc@assamfacom', NULL, '2023-05-06 12:27:36', 108, 1),
(200, 'hmeb tmdogniwd gvpu cp bb  rz  hz vlh  y', 'www.wuviomnfgb.com', '3011267-', NULL, 'sihvt@fvyslzmcom', NULL, '2023-05-06 12:27:36', 120, 3),
(201, 'spkfr rxt  lkl h  ovuqs  vpek qn v dm yl', 'www.dpacefjiow.com', '95251709', NULL, 'cppeo@bmrienycom', NULL, '2023-05-06 12:27:36', 75, 1),
(202, ' ii   xq jbnouqyyz  hivq roeh o tjedzosp', 'www.muyowqpkbo.com', '51764-71', NULL, 'afanz@dlksebxcom', NULL, '2023-05-06 12:27:36', 28, 3),
(203, 'unc  t z crcxuvzl uqt pz h l   f  opj xb', 'www.ogshyghkto.com', '29550541', NULL, 'cxtsz@ixzjefqcom', NULL, '2023-05-06 12:27:36', 62, 3),
(204, 'b tkw dvj vgq ob augnxms  ui       kdzex', 'www.aeahshqkpz.com', '6539-45-', NULL, 'nfrnu@qmnljqlcom', NULL, '2023-05-06 12:27:36', 57, 3),
(205, '  wdnrptimfe nerqycz  wa i zeajsn  vwqsy', 'www.yszjbkozgn.com', '1-281257', NULL, 'uefor@lkaifmtcom', NULL, '2023-05-06 12:27:36', 71, 2),
(206, '  fth hb nd  zvlwtbql meslggvri sv  lt a', 'www.kkllurlzbv.com', '44957-12', NULL, 'mbxly@fsznfwtcom', NULL, '2023-05-06 12:27:36', 9, 1),
(207, 'aknjpnz  v m ty ktzheoglgz duyk w p c  w', 'www.wzrdkgjslj.com', '00651-21', NULL, 'znvko@zepuekycom', NULL, '2023-05-06 12:27:36', 1, 3),
(208, 'p mbo do oedki g dh nrb  mxeu yzlmupckea', 'www.lnynsrmvfl.com', '55902788', NULL, 'mqzhw@yixwhoncom', NULL, '2023-05-06 12:27:36', 10, 2),
(209, 'i x ma mmt qidoqp  pp af  civc  kwk jb  ', 'www.sgtlvbofdc.com', '5474-871', NULL, 'ihvsy@yblxpgucom', NULL, '2023-05-06 12:27:36', 11, 2),
(210, 'ic abuili aqikt pd l hxo vpgzqxar tg cgq', 'www.reyvtwcgkq.com', '67-99989', NULL, 'uicug@kcgssrfcom', NULL, '2023-05-06 12:27:36', 51, 2),
(211, 'y wt vguzw kfkarchgeoqzpqy ycfa uvfswtls', 'www.vtiisyjbkg.com', '39005182', NULL, 'barxv@gukgmmycom', NULL, '2023-05-06 12:27:36', 63, 1),
(212, 'g une g    myxsbmv  xdtn klzk    hrl cbw', 'www.qqusuoecsh.com', '51089737', NULL, 'kzjie@skpxxbbcom', NULL, '2023-05-06 12:27:36', 42, 3),
(213, 'tm lgw tq upjiwd ksmc lsng y jmn ycuvq g', 'www.dcssgwgmcx.com', '92-87548', NULL, 'ziimw@qcqbwrjcom', NULL, '2023-05-06 12:27:36', 57, 1),
(214, '  np nmb vag p    qqr eljprhde htg nytjw', 'www.zkjzaygxbr.com', '93091-24', NULL, 'dmlyb@qezaolzcom', NULL, '2023-05-06 12:27:36', 92, 1),
(215, 'gfwvtig   qkts pt dlqwnm b ohqpcairpjf  ', 'www.jkaznzlpmg.com', '069-1823', NULL, 'axwsg@yiuvfapcom', NULL, '2023-05-06 12:27:36', 99, 3),
(216, 'vg m j  dapfuu  vi iwj  e  ook  dts  bvr', 'www.kduvqmggtv.com', '52918396', NULL, 'cetmy@dqarycrcom', NULL, '2023-05-06 12:27:36', 90, 3),
(217, 'ei a ll    q oe vbxpez w exnffx   kl dq ', 'www.jmbhrrmtic.com', '51852344', NULL, 'ddirn@hfraqsucom', NULL, '2023-05-06 12:27:36', 47, 3),
(218, 'qy m nry vg pz snpjma   bi  n xj    opa ', 'www.owacftemqi.com', '-4215336', NULL, 'glwwy@ammndqbcom', NULL, '2023-05-06 12:27:36', 180, 2),
(219, 'javjuzjczjtibe sypaxl  pgaotytnwapr k uv', 'www.uqakakggpu.com', '75922833', NULL, 'zftpv@gqcirpmcom', NULL, '2023-05-06 12:27:36', 18, 3),
(220, '  d jjexv kzutbj pnmxzmmzkim   w acoomb ', 'www.gteskmyhaq.com', '77885577', NULL, 'waeyl@pqzrxmqcom', NULL, '2023-05-06 12:27:36', 185, 2),
(221, 'o  kg yjx i a srm doj n b  e uk zh   jgw', 'www.hcsmpdkdel.com', '58986-90', NULL, 'andew@nsfbhjycom', NULL, '2023-05-06 12:27:36', 159, 2),
(222, ' pwxekwqwmmftfcnffkb  o j  z   cch jt   ', 'www.xzaqaonjty.com', '99316456', NULL, 'xhwja@ceipaljcom', NULL, '2023-05-06 12:27:36', 21, 1),
(223, 'rhiexlv razf dp qtqqclk j kj pbpcd fyc u', 'www.ludfyozqky.com', '40796--9', NULL, 'mdhhx@geodcgjcom', NULL, '2023-05-06 12:27:36', 77, 3),
(224, 'k l  n n eidis o zcbwas  fq  y mrlptmlzf', 'www.ktmwhfnngt.com', '-82-2-55', NULL, 'dkvgo@vczlqbocom', NULL, '2023-05-06 12:27:36', 71, 3),
(225, 'nxahh sn  yfnbmw dek  jgshuxkq ddewau p ', 'www.nvuytzimgy.com', '769294-8', NULL, 'ktien@tsgxzkmcom', NULL, '2023-05-06 12:27:36', 87, 2),
(226, '   jpcf m jeu hc r t  pfdseod  kobw  mj ', 'www.etmdfgomfa.com', '84052461', NULL, 'vxiok@anxmymgcom', NULL, '2023-05-06 12:27:36', 183, 1),
(227, '  fm ou toeaiqhuctq   p bnw  uvfy xdlpxh', 'www.kjeevwwlck.com', '36138052', NULL, 'mnefu@ahsxjorcom', NULL, '2023-05-06 12:27:36', 144, 3),
(228, 'lwcy  v v v oekapym a drmu q hsduvks mlf', 'www.ipgqstmzsa.com', '26--6267', NULL, 'vpkzc@hfehiozcom', NULL, '2023-05-06 12:27:36', 53, 2),
(229, ' zowcraoah vrtuiwcwbz   lpssg lmhk gt  v', 'www.rwuqcdapzm.com', '0-454-56', NULL, 'danmf@gpwdtfrcom', NULL, '2023-05-06 12:27:36', 124, 1),
(230, 'wn d wfwby yi rk  czuomwfv    zms sohdkj', 'www.oxduouqdal.com', '23964859', NULL, 'zyllt@srbdzuxcom', NULL, '2023-05-06 12:27:36', 96, 2),
(231, '  gma  adjszzeqe pxfrz t rhi qescqvyyzpn', 'www.vcdetgwbwr.com', '40-33772', NULL, 'cisor@tbhnxsrcom', NULL, '2023-05-06 12:27:36', 84, 1),
(232, 'qduu  bvqj  ywkd ma  bfo  vlft  noa i mm', 'www.xemcrbxpwd.com', '00292240', NULL, 'apfgq@jfxmfdpcom', NULL, '2023-05-06 12:27:36', 151, 3),
(233, 'nx  i    bt qkr lgfcymn ejmr gz  qlw wfy', 'www.uxmgrpssml.com', '77555552', NULL, 'mwjxp@fxayyxjcom', NULL, '2023-05-06 12:27:36', 133, 2),
(234, 'wif hxymx ldzoo x k w ocyxawu dtyujmkxmj', 'www.zdyzpapglr.com', '40091355', NULL, 'axvgh@ykzmxztcom', NULL, '2023-05-06 12:27:36', 41, 2),
(235, 'lplmoibbk  ny  f ompr rcq xl lno fa  ol ', 'www.jeyanvexbb.com', '4999051-', NULL, 'ayqyk@yoqqryucom', NULL, '2023-05-06 12:27:36', 146, 3),
(236, 'pupf cztvct oi x  k fh nc jaxv pn  selwp', 'www.qvdkbemgcp.com', '68-117-2', NULL, 'lmjzw@wkiephocom', NULL, '2023-05-06 12:27:36', 65, 2),
(237, 'fwiu   ih vhzq kjs p oxxm eq  o hjbqum g', 'www.jrkkhvpyxv.com', '438133-6', NULL, 'woosb@wwlhcgtcom', NULL, '2023-05-06 12:27:36', 183, 1),
(238, ' uecibi ivyoegr lwlz  ln  jndhiak wqdect', 'www.gtjxhgyigj.com', '98-91709', NULL, 'hokyr@enlfpvncom', NULL, '2023-05-06 12:27:36', 133, 2),
(239, 'aolhjr   s q ae ahj xgt ebxn  en      g ', 'www.jmwuaopkvi.com', '996-6543', NULL, 'yoffw@khygmuqcom', NULL, '2023-05-06 12:27:36', 90, 1),
(240, 'pr enploeootuywbbqfnevnh ekq d nvkmx a  ', 'www.grfjmikihp.com', '91525-80', NULL, 'cubtl@mqtawvkcom', NULL, '2023-05-06 12:27:36', 98, 3),
(241, 'l   lbauug  py  jc q  d u vdfvxvzpm jg v', 'www.wcjlsmxlow.com', '0-5-5402', NULL, 'tvuyq@xwzxpkpcom', NULL, '2023-05-06 12:27:36', 118, 2),
(242, 'w s pasefou d mhqjkl  rfrrhsnrkgv q  n q', 'www.eexxlyevqk.com', '2349994-', NULL, 'okkhh@smwayfecom', NULL, '2023-05-06 12:27:36', 28, 3),
(243, 'e ztzmyetc lypak d khu juu  k kl jrowecj', 'www.iubwarjekc.com', '07285853', NULL, 'mtnct@ugchfxmcom', NULL, '2023-05-06 12:27:36', 148, 3),
(244, 'eyfjd kfc ynbsol yck zroqoaipkqdub m g y', 'www.znzxngovps.com', '-005-213', NULL, 'bzyai@pnzvrozcom', NULL, '2023-05-06 12:27:36', 104, 1),
(245, 'oqnz f pgafjxnldt dwidna l l  qf  v lpxf', 'www.ojoufnnjtl.com', '25731570', NULL, 'whejw@riaryezcom', NULL, '2023-05-06 12:27:36', 75, 3),
(246, ' xghq ykvbjh dpbgioh f d pxkwashr dyy du', 'www.feozlxtecr.com', '07-60176', NULL, 'fxkla@vejqnpzcom', NULL, '2023-05-06 12:27:36', 26, 2),
(247, 'q l igfjt   f  js  hcczxux cja y mae z k', 'www.zstaxmosvf.com', '76544438', NULL, 'wkelw@qsrluyscom', NULL, '2023-05-06 12:27:36', 1, 1),
(248, 'i jweawiubjb etfbg  m ybh wxdz necdoyxbk', 'www.vuafjvobak.com', '5827-450', NULL, 'whydr@tslzloocom', NULL, '2023-05-06 12:27:36', 176, 2),
(249, 'wfb  ng rjc icfg l x lccshymcv  ln z tk ', 'www.ohgyablrle.com', '38-32126', NULL, 'bjani@vcftnbccom', NULL, '2023-05-06 12:27:36', 181, 2),
(250, 't  spvbnewj   uzxwa e uouo  dgl   zy  ni', 'www.mpfgoytshb.com', '-3846970', NULL, 'uhdil@wabznqxcom', NULL, '2023-05-06 12:27:36', 120, 3),
(251, 'tpuodltouyvic  v g n qgh dpig tu aoerxgo', 'www.dckxutexwd.com', '403337-2', NULL, 'lzhiy@xmtqjeucom', NULL, '2023-05-06 12:27:36', 44, 3),
(252, ' yy  dcw  qb k ez xzveozeoisvhqb lu  ott', 'www.huqlwofxsf.com', '6061-114', NULL, 'xeznn@wgbwciacom', NULL, '2023-05-06 12:27:36', 10, 3),
(253, 'c g p xp e     vuv   a k gd zjzdarg  kps', 'www.vhewhcmppt.com', '8356-168', NULL, 'knhiu@rupimyscom', NULL, '2023-05-06 12:27:36', 106, 2),
(254, 'b m   r t j npqd  j labzh  thge soibentn', 'www.wnsqnrxgwk.com', '03492973', NULL, 'jjuva@njnxrjucom', NULL, '2023-05-06 12:27:36', 154, 3),
(255, 'gzz   s rhzifpf tavcz hfdpskgku eevfrgqy', 'www.byziznjega.com', '19860913', NULL, 'ntuxe@qmuasfqcom', NULL, '2023-05-06 12:27:36', 73, 3),
(256, 'ukkg c  bkmzhau vhw w  xxlodd zr jlbxg w', 'www.afvqkjanrd.com', '9-4616-6', NULL, 'qckci@pbqokozcom', NULL, '2023-05-06 12:27:36', 84, 1),
(257, 'iut lcz vwp j pbsxtsmxbbm c yig wgdpuezx', 'www.faopkisegc.com', '5378754-', NULL, 'fygnl@zjmpzavcom', NULL, '2023-05-06 12:27:36', 171, 1),
(258, 'wgwg cor  qkis y it yzv   nsmf  h xof sw', 'www.cdylmbjsau.com', '78139809', NULL, 'bplzh@rcmhivdcom', NULL, '2023-05-06 12:27:36', 23, 1),
(259, ' jn omfwzonh kj  xsi  v vl u dkmuh dv  y', 'www.usjymxnsxe.com', '67073385', NULL, 'gtgsw@istvfdncom', NULL, '2023-05-06 12:27:36', 185, 3),
(260, 'ba jk hmvpome  f eu f zy  jb a a  t wale', 'www.rhrmrcwxdb.com', '20257-93', NULL, 'eomts@drtgceqcom', NULL, '2023-05-06 12:27:36', 57, 1),
(261, 'vbiv ymm go   p wuvwnfmtkj   rpsdu c slb', 'www.bquaiawplu.com', '7811-551', NULL, 'uijef@hqkafpzcom', NULL, '2023-05-06 12:27:36', 53, 3),
(262, ' xzwuo v uw wnpnqr wi  foi hsehqwb   jai', 'www.osbuajbetg.com', '92938783', NULL, 'oizsm@bawhgdbcom', NULL, '2023-05-06 12:27:36', 152, 1),
(263, ' todvqs d euveiljumhjs bso nnft  kpfswef', 'www.mznsrtxdkm.com', '21767255', NULL, 'gwlzg@eqenlkucom', NULL, '2023-05-06 12:27:36', 143, 2),
(264, 'yib   q ebw  q w jzngn csnf  rhpfc  attv', 'www.thulrjzzsw.com', '-5249737', NULL, 'svyzr@hjmdidscom', NULL, '2023-05-06 12:27:36', 158, 1),
(265, 'tbdn  d zd hkwk lgvraw  v tgrj pa  uwxh ', 'www.wvjcudppua.com', '633574-2', NULL, 'cwoun@vonumsecom', NULL, '2023-05-06 12:27:36', 1, 1),
(266, '  qkv ce  eu dmxqpe d mrfmucktv clc tg o', 'www.gsxwkjoolo.com', '25641668', NULL, 'txuun@gzwirnfcom', NULL, '2023-05-06 12:27:36', 95, 1),
(267, 'nj zcb   zygepdqtihcityfjnmwzdiin qr xzi', 'www.rcivsjdnsi.com', '87647222', NULL, 'cfxod@ntdxylicom', NULL, '2023-05-06 12:27:36', 144, 2),
(268, ' acu  x wrk je sgjxois x i qbfa zale oak', 'www.pblszidrri.com', '51-2523-', NULL, 'zresg@pewemuqcom', NULL, '2023-05-06 12:27:36', 186, 1),
(269, 'y cebi kdxobqe  agcifiqsfeg gsygsvjep xg', 'www.hfknmjtodm.com', '-7200065', NULL, 'vsfve@hotybzocom', NULL, '2023-05-06 12:27:36', 185, 2),
(270, ' ugdw  gkadz qzwusxkso obw  f bc yipdfho', 'www.pwoyqnualn.com', '3-798169', NULL, 'wdwwy@jcimorocom', NULL, '2023-05-06 12:27:36', 182, 1),
(271, 'byetlig qsxsisewppzn  olemsd wlnxo wn   ', 'www.lytnixkjhs.com', '08636184', NULL, 'inzqi@nqqhudycom', NULL, '2023-05-06 12:27:36', 104, 2),
(272, ' tdf udu hg  eiflp lrkfadsc  nkqdwspictx', 'www.mekorswati.com', '7362-063', NULL, 'buqbp@dwohdibcom', NULL, '2023-05-06 12:27:36', 135, 3),
(273, 'wmbkve kfeaklgovk fvzcnfyilu zenutbh sva', 'www.udpxdzlfqn.com', '37353718', NULL, 'aqmkf@aliydancom', NULL, '2023-05-06 12:27:36', 84, 3),
(274, 'w wwl  encqaty xrxiov xicydgmuivl lnbvzq', 'www.xmnfsspsqc.com', '18095344', NULL, 'gwmgq@nqfdwqmcom', NULL, '2023-05-06 12:27:36', 137, 1),
(275, 's ybb txj chb u  fpdp sgchtvq  jfneumqlp', 'www.weixfcnnhk.com', '111927-6', NULL, 'kufwi@icxgmjncom', NULL, '2023-05-06 12:27:36', 61, 1),
(276, 'lbw rary t c   pctijit  hg crvnd hz junx', 'www.zlxkgydtsp.com', '58587265', NULL, 'bflkp@tagsntncom', NULL, '2023-05-06 12:27:36', 57, 3),
(277, 'pp xkjgo hrggs    hc  bas ja  afq cjx to', 'www.hjtsnaocbt.com', '82398016', NULL, 'bwlvf@ibqgrhzcom', NULL, '2023-05-06 12:27:36', 186, 2),
(278, 'mmqxj ty z zcg  jlzr  rpcdtdfaf a xayyyu', 'www.minplzapxp.com', '54831069', NULL, 'zvjdz@xjawwupcom', NULL, '2023-05-06 12:27:36', 27, 3),
(279, 'vt adh bus  z   wes n tpluoiz pj a fpgtb', 'www.tsnogydtmc.com', '40368387', NULL, 'mjffa@asonivfcom', NULL, '2023-05-06 12:27:36', 16, 3),
(280, ' uaxgnpmvxq  hzjckalkikty pgircvnvjntu j', 'www.rheqhxitls.com', '3009-523', NULL, 'djmuj@zdraugycom', NULL, '2023-05-06 12:27:36', 184, 1),
(281, ' r zdtg v z ojs k x  zh i   djrw    dkgn', 'www.uhpjbzpkpd.com', '89980937', NULL, 'jwami@spcrqqtcom', NULL, '2023-05-06 12:27:36', 112, 2),
(282, 'ooopfshj  rnvjejfj gcuimk qc v t xpmg e ', 'www.zbaomoehbu.com', '39755532', NULL, 'uqsdk@smznpikcom', NULL, '2023-05-06 12:27:36', 167, 2),
(283, 'zf  ieh uvnkyoa  bzdr gghhpi y  ygyufikp', 'www.slnxfhqwzu.com', '-53-2584', NULL, 'vccya@uaxcaprcom', NULL, '2023-05-06 12:27:36', 2, 2),
(284, ' bzajht e bbuxyf mvb jfbb y b  e  qzowuj', 'www.klhtevecuq.com', '26536869', NULL, 'pswnc@pryrndicom', NULL, '2023-05-06 12:27:36', 17, 3),
(285, 'jw w ytnpo x  sglssxk ri g    gzo ccwda ', 'www.phfrxdpzam.com', '89319-04', NULL, 'vibes@tnuzolacom', NULL, '2023-05-06 12:27:36', 17, 3),
(286, 'd ewk udxo w a bchpa   pn qy ptqnoopyneu', 'www.ffzjldgarq.com', '90837427', NULL, 'bxgqn@fxxfcwqcom', NULL, '2023-05-06 12:27:36', 117, 3),
(287, ' hf     i gf nwdn ncba f k ka  ktmu mb w', 'www.uucbfpfyij.com', '930-6648', NULL, 'xqhno@acxcstpcom', NULL, '2023-05-06 12:27:36', 148, 1),
(288, 'mdkv yook txup  y  bv ae lqyw o  h vpm p', 'www.dnbliltunn.com', '20080-15', NULL, 'myele@vpygkvkcom', NULL, '2023-05-06 12:27:36', 20, 2),
(289, '  es kilx bk   gz   ynx  y r ls j p  qvm', 'www.ctbxjecurt.com', '79--110-', NULL, 'losxx@jjpcxhicom', NULL, '2023-05-06 12:27:36', 121, 1),
(290, 'gq  qwib pluffcm    jsqv j kpivvslm d kd', 'www.guigphrfxo.com', '48646284', NULL, 'kvfsu@nqecxnncom', NULL, '2023-05-06 12:27:36', 129, 2),
(291, 'sa  k jjn fp  gpclaovz  cwz k cnoab enh ', 'www.ecfdhbotwo.com', '91285648', NULL, 'dynya@ggcdtfscom', NULL, '2023-05-06 12:27:36', 181, 2),
(292, 'qzb t  sq n    u ci uu leegf bxlrrzivth ', 'www.wqlhqayqsh.com', '9834-688', NULL, 'vadwx@zpcuxtvcom', NULL, '2023-05-06 12:27:36', 24, 3),
(293, 'ol wrz   reor zsuurce lkovdmbx   mf egqy', 'www.xascchhfgd.com', '94965731', NULL, 'ghsdj@weajdxmcom', NULL, '2023-05-06 12:27:36', 63, 3),
(294, 'y f jm ve erpt oarmeuxvqzospu xxm s   hr', 'www.zuthozxyzr.com', '95143603', NULL, 'ztphx@nwscsgbcom', NULL, '2023-05-06 12:27:36', 40, 2),
(295, ' qgntr  u  wtqsolb  p cy znp ajampnptme ', 'www.qvurwcfdgd.com', '9160271-', NULL, 'isrxy@wwbllfhcom', NULL, '2023-05-06 12:27:36', 61, 2),
(296, 'lkc  cqa negpv  uqzrfk  rg   pwoz lql r ', 'www.qxljghsmzv.com', '720743-3', NULL, 'vaikk@zvuupmpcom', NULL, '2023-05-06 12:27:36', 77, 1),
(297, 'f dihjckut nqujxv yxch gt rceqfhyotxjv j', 'www.wrlikuryyi.com', '428105--', NULL, 'etuqc@jsdeoutcom', NULL, '2023-05-06 12:27:36', 184, 2),
(298, 'v  lifjqhx  ryvylcav uflqlhinhr lq ny  j', 'www.ahgcudegsz.com', '91625574', NULL, 'gqosk@nvtrhnicom', NULL, '2023-05-06 12:27:36', 102, 2),
(299, 'fuhwgi sd ib  rhpb a    lk yyz  ilwrizpa', 'www.esiwoxvygt.com', '5-4-1411', NULL, 'rbpko@tpxzvfgcom', NULL, '2023-05-06 12:27:36', 185, 1),
(300, 'krorimmqjr    rri aqouk ejkg  g  imu r v', 'www.bfkqraayfb.com', '89428330', NULL, 'aange@jvqqgzpcom', NULL, '2023-05-06 12:27:36', 43, 3),
(301, 'fawp  pkb derqoumzug a n zpw  q iremoo q', 'www.flknnwfazi.com', '5372-838', NULL, 'fyvir@axkvfwjcom', NULL, '2023-05-06 12:27:36', 87, 1),
(302, 'jesg   oowfieybb ug xqug jgfgwwu ce hnrx', 'www.wanujkxxko.com', '3478-17-', NULL, 'xtyga@kmwkiokcom', NULL, '2023-05-06 12:27:36', 77, 3),
(303, ' fsumldyyi w  cgf eze t rzu hlq k gau  t', 'www.kspajqkdxi.com', '18112657', NULL, 'feafx@shkdgjucom', NULL, '2023-05-06 12:27:36', 85, 3),
(304, 'vzqi pare ge rt  ng c m  ydwwko y vs juk', 'www.rivvtqivuo.com', '27275695', NULL, 'piywt@afujaqdcom', NULL, '2023-05-06 12:27:36', 108, 3),
(305, 'rhyu  vws  eyo k   emqk hoyudu jzer  e j', 'www.vgwctgvmct.com', '558206-2', NULL, 'tstkl@lggrqxxcom', NULL, '2023-05-06 12:27:36', 96, 2),
(306, 'l sugp  b ra ruexy izkok kw vmov  a oqw ', 'www.jbaaueequa.com', '41940340', NULL, 'ofkkc@ohxvkgycom', NULL, '2023-05-06 12:27:36', 146, 2),
(307, 'bdxz tne catvdonokobyguiyphkhfdi cf  c  ', 'www.tkbznsvbas.com', '-4596267', NULL, 'xtudy@tglwgracom', NULL, '2023-05-06 12:27:36', 125, 1),
(308, ' cpa  uo   y    cxxwht n   l u ny  l w b', 'www.tfynvsovdk.com', '36-02071', NULL, 'agyse@vudjbjwcom', NULL, '2023-05-06 12:27:36', 79, 1),
(309, 'l vaiks ew kyaz t krpo wutwen yzkdxiihk ', 'www.vmbxkuknrk.com', '54633011', NULL, 'rvdpt@bxdkurwcom', NULL, '2023-05-06 12:27:36', 119, 1),
(310, '  q vc cvvljhvx ofzjzr tzbgof    flr whq', 'www.jfhiatemxq.com', '9749-589', NULL, 'ceqgz@lwxnszhcom', NULL, '2023-05-06 12:27:36', 54, 2),
(311, '  dbvrq g ieb  ncar ryjex fx ks  w  saf ', 'www.uddxgkxrup.com', '3602-006', NULL, 'draol@zjltagfcom', NULL, '2023-05-06 12:27:36', 164, 3),
(312, 'v ki i  dm ydjmj connk rxetuqmax wk ee k', 'www.dubiblhkmo.com', '272-5183', NULL, 'utbxa@vwphwdjcom', NULL, '2023-05-06 12:27:36', 138, 2),
(313, ' w fy u qlpwowwqu g ajpjwyg c  g   uq kf', 'www.fkznjncteq.com', '53017254', NULL, 'ddjbk@hwqdxtdcom', NULL, '2023-05-06 12:27:36', 157, 3),
(314, 'v  tzk mscti zbweexu  ynz klnnni jlyr  b', 'www.wqdjnjhgyy.com', '60537370', NULL, 'afuqq@umiwwnbcom', NULL, '2023-05-06 12:27:36', 167, 1),
(315, 'r nsl oc hfchmmp fv bp xavukaok  ntl igf', 'www.rdarajjliv.com', '8-758925', NULL, 'xxmzn@relubgacom', NULL, '2023-05-06 12:27:36', 112, 3),
(316, 'ltqej blr  dpxjscoayo d  qmjbeugin n ioo', 'www.bfhmnzjaoo.com', '339-7659', NULL, 'hesrn@vjbulxrcom', NULL, '2023-05-06 12:27:36', 34, 3),
(317, ' qyms q zhk  wbif z pwwaro dzhg fpgmc q ', 'www.furlemqmog.com', '75412285', NULL, 'eycas@lgwbqlccom', NULL, '2023-05-06 12:27:36', 78, 2),
(318, ' guuu   rj dx zdi nph p m  d vvxuncz nxo', 'www.yfciwtdpuw.com', '5220-721', NULL, 'tvqjq@dtllahbcom', NULL, '2023-05-06 12:27:36', 55, 2),
(319, ' k ifa l i csdf hk tw lidhxdjj e anh m g', 'www.mxhjjbaxso.com', '889-6505', NULL, 'clgte@vfihkngcom', NULL, '2023-05-06 12:27:36', 24, 2),
(320, 'g  td bljpoyy  cdcbep     kc ddh vxscwu ', 'www.urfzsrklcc.com', '-34525--', NULL, 'mvabo@kptzjmscom', NULL, '2023-05-06 12:27:36', 85, 3),
(321, 'znngqyvhx ous yqxgdtzywd ow mg  czf  jjr', 'www.mrneytkgzm.com', '56808209', NULL, 'wajcx@alksdpjcom', NULL, '2023-05-06 12:27:36', 63, 3),
(322, 'ps jspto qomtos g  lqxpwgb j  um dmczat ', 'www.hdjrdpmmmb.com', '07070286', NULL, 'ncapj@nuyjtjlcom', NULL, '2023-05-06 12:27:36', 181, 2),
(323, 's  olvmaitm  egk    omsyj k g   d r nn z', 'www.tyjdtrahxq.com', '93811728', NULL, 'tnvxk@usdqbpgcom', NULL, '2023-05-06 12:27:36', 35, 2),
(324, 'yol  cynm  ws z caoqvka x   u mcbwtnbrzn', 'www.ksgwbatgck.com', '16-58196', NULL, 'ydhog@yfczbdrcom', NULL, '2023-05-06 12:27:36', 193, 3),
(325, 'hc lxhcshfnwoxxg  xjg muunh cjmda bj g b', 'www.dqjyocdmmu.com', '28286811', NULL, 'yxvyh@hpylslmcom', NULL, '2023-05-06 12:27:36', 60, 1),
(326, 'frzbuz tpbrw ybqd  qm  j erb  ao  y  lx ', 'www.yynpcnydah.com', '3714777-', NULL, 'rukss@pvzedjecom', NULL, '2023-05-06 12:27:36', 38, 1),
(327, ' u a j kfktenvv  j  klmj xkolrkabyhthqvg', 'www.byxjluxowa.com', '68076199', NULL, 'ohsgu@ckqawegcom', NULL, '2023-05-06 12:27:36', 188, 1),
(328, '  qdijg dpvpg  tr nj  n  v  u  o  b qdpf', 'www.mcgcekvcly.com', '24616494', NULL, 'ypfqh@uhslgvqcom', NULL, '2023-05-06 12:27:36', 143, 2),
(329, 'otajifr   cuh x k l bmp y   v hkpylu zbs', 'www.wnuazxfked.com', '-1908489', NULL, 'oylis@vxoazrmcom', NULL, '2023-05-06 12:27:36', 10, 3),
(330, ' t vpi digbhmlhe  decs dmixwhxqzznj k da', 'www.joywpdbfqm.com', '18805367', NULL, 'rydcq@ekgrplucom', NULL, '2023-05-06 12:27:36', 175, 1),
(331, 'f  hu  r wavftdlg psq hhfwm z xzgq scpcw', 'www.cdwkfwivvo.com', '53594801', NULL, 'pbhqe@vrgaudjcom', NULL, '2023-05-06 12:27:36', 144, 2),
(332, ' repr jspwzcsuvsk uypje co dxu  ljn rknn', 'www.wzvdtxnqcv.com', '44240697', NULL, 'ooxhp@inqmbgicom', NULL, '2023-05-06 12:27:36', 159, 2),
(333, 'lgit lfqw bj aimcyxxaioftwmpnes a  j ylb', 'www.gvgpiajydd.com', '674--196', NULL, 'lnhqu@sekplswcom', NULL, '2023-05-06 12:27:36', 78, 2),
(334, ' mpuwjnjii   xyamk viufxcc r  z r ghzh f', 'www.izmgbczhhr.com', '16682134', NULL, 'lsxxp@jgvtdghcom', NULL, '2023-05-06 12:27:36', 27, 1),
(335, 'a el ai j hxeffmdm xpwmzg j  dsvy  aa dz', 'www.dqpopbdfhd.com', '24178201', NULL, 'zyhxg@lplwilycom', NULL, '2023-05-06 12:27:36', 100, 1),
(336, 'c pg hij q kj jytandtn dynxgbo wuskdmc  ', 'www.dnhnfzatpk.com', '935982-4', NULL, 'tofrk@exazwcvcom', NULL, '2023-05-06 12:27:36', 83, 3),
(337, 'cigwrkvttwkxel i  vi  lfqglcet   w  jllz', 'www.tviycpccge.com', '8--11027', NULL, 'gfgfb@mwlvsmlcom', NULL, '2023-05-06 12:27:36', 65, 1),
(338, '  tyzdnzv yod c  jbvjx u  w dgjoqmq  orp', 'www.acjaaaiefu.com', '315136-3', NULL, 'wwakw@kmlbejocom', NULL, '2023-05-06 12:27:36', 103, 3),
(339, 'jzwth  l  np qh d n g zuk nxwnl r  ea c ', 'www.xwzpzrtkib.com', '58106437', NULL, 'qslhg@zzjoibfcom', NULL, '2023-05-06 12:27:36', 111, 2),
(340, 'fm  vw wvy mdhadm smxwmvnrrrqarxm o g la', 'www.xdnnmjuwfo.com', '70190281', NULL, 'mantx@zhiemiscom', NULL, '2023-05-06 12:27:36', 150, 2),
(341, 'rg eum msvj zhmvxcyotdbsiaqanuww u g   i', 'www.dshmevxziw.com', '-3453120', NULL, 'zcofl@vrhqhglcom', NULL, '2023-05-06 12:27:36', 120, 2),
(342, 'nfh yguwzpsxyo dl   x  ie  x grcc  st xk', 'www.hwoemivefd.com', '24549489', NULL, 'yznid@egqrsbdcom', NULL, '2023-05-06 12:27:36', 170, 1),
(343, 'q q a    qtsay cbtnupngcozcrqabl gj j p ', 'www.ytoccmlxoe.com', '15621017', NULL, 'ydflk@gidvggucom', NULL, '2023-05-06 12:27:36', 91, 3),
(344, 's whqf lc tj lcdodegq j  w dvr  o f i y ', 'www.yngvhvpjoo.com', '21569424', NULL, 'wthhr@igecsaqcom', NULL, '2023-05-06 12:27:36', 186, 2),
(345, 'p uvzimafs  o cwnc cy gzih skz hbpye y o', 'www.zedlhlrokn.com', '78189706', NULL, 'cvnzb@mggrzrxcom', NULL, '2023-05-06 12:27:36', 185, 1);
INSERT INTO `company` (`id`, `company`, `web`, `tel`, `fax`, `main_email`, `address`, `registed_at`, `country_id`, `type_id`) VALUES
(346, 's b ej   xohe bst  gwc   ijbt   kaxseyia', 'www.ilpdyilqld.com', '67-543-5', NULL, 'nyqlv@qneqgqjcom', NULL, '2023-05-06 12:27:36', 169, 2),
(347, 'tmtar  l  sdqg  xdxujv gxt mwknwze e  xp', 'www.qnixepihbm.com', '77002094', NULL, 'isihj@kjsfuszcom', NULL, '2023-05-06 12:27:36', 153, 1),
(348, 'rs g m po  b ileljpl x z  dg ifw uft j o', 'www.zctfuknhbv.com', '7-377794', NULL, 'borzv@dmkptrxcom', NULL, '2023-05-06 12:27:36', 186, 3),
(349, 'oecik   rheps  q gtkhs ywh l hyzf  mwlzi', 'www.fhlbolpfmf.com', '64667172', NULL, 'jhepk@prgtqzccom', NULL, '2023-05-06 12:27:36', 83, 3),
(350, 'o   eh fkwimahtijko p  red umelssscu xl ', 'www.nmtcareaxw.com', '83280-92', NULL, 'kketm@jzdgjbccom', NULL, '2023-05-06 12:27:36', 28, 3),
(351, 'ylx yi uyzkmz nrjcf   rct yabfdzuvzw ri ', 'www.sylprugctq.com', '67091198', NULL, 'gzuod@obtyabqcom', NULL, '2023-05-06 12:27:36', 143, 2),
(352, 'necejaqx srdbxx bsa ewbrx fuohedo cv d  ', 'www.mkrioyqgjp.com', '9--78652', NULL, 'hvecz@jwixiebcom', NULL, '2023-05-06 12:27:36', 97, 2),
(353, 'ogu gj adsh kqtwxqp axf g gyxwq ixje qvj', 'www.xiqjkfimin.com', '25189-36', NULL, 'lwjhj@suejmzqcom', NULL, '2023-05-06 12:27:36', 32, 2),
(354, 'b nlgur kdnfu iltuc ln r  uhskvb y  hguu', 'www.ufgxglpxub.com', '-503-324', NULL, 'zudnu@qytggygcom', NULL, '2023-05-06 12:27:36', 157, 1),
(355, ' l hpkjw he ksm   etevbu y s p faju yylf', 'www.eakwfajtjj.com', '00-5-935', NULL, 'bvdfl@luhzvtzcom', NULL, '2023-05-06 12:27:36', 190, 1),
(356, 'e  ma  vscdaxszj mz xjk jb icu  qd o c  ', 'www.ddhdchqncw.com', '2988-271', NULL, 'ugkue@xbfqfedcom', NULL, '2023-05-06 12:27:36', 172, 3),
(357, 'pwpv p qd jhi  ipftfzbqya  v t spmnpigjl', 'www.rfujwyavam.com', '74405703', NULL, 'pztjp@gonuhyacom', NULL, '2023-05-06 12:27:36', 90, 2),
(358, 'gal l xyaqdb n cp  smxj  urbn ox phzldh ', 'www.gatiqggkgk.com', '69638072', NULL, 'vbtbp@gecfwmfcom', NULL, '2023-05-06 12:27:36', 143, 2),
(359, 'k wp  uodup  cutch ua zh ez k udqr   nbw', 'www.odyommnwbv.com', '13591560', NULL, 'aydkc@kbesdghcom', NULL, '2023-05-06 12:27:36', 135, 1),
(360, ' t o  qsafxwnj dm vprcq     eevqyffddvdn', 'www.sjsiblwrlp.com', '048-9743', NULL, 'vkarv@flkuqnmcom', NULL, '2023-05-06 12:27:36', 54, 1),
(361, ' tpvd   ecgthtvbnyatdnbf     rmgm  yx aa', 'www.hpjlvefaia.com', '24792934', NULL, 'hpmzo@iqdiebacom', NULL, '2023-05-06 12:27:36', 146, 2),
(362, '  e io r drrnt ngo eah  egs nwikwljcie w', 'www.yjbzmjjeog.com', '64454311', NULL, 'itklg@vithinecom', NULL, '2023-05-06 12:27:36', 75, 1),
(363, 'g  ti mg  pdx c  fxd hukc imey i jxfpgvb', 'www.dbqnyvtpyo.com', '613-0722', NULL, 'brfnz@yubgflqcom', NULL, '2023-05-06 12:27:36', 31, 2),
(364, 'pcb y  khklxw h   fgosefpig is pq  wfngp', 'www.lrkpzkpqkn.com', '5031--43', NULL, 'fhgfp@ieshceacom', NULL, '2023-05-06 12:27:36', 137, 2),
(365, 'gmap zkcsarj ep kyopp w vssa   ksr  rxrd', 'www.przuowbfoo.com', '79573529', NULL, 'ookqu@aqacvpqcom', NULL, '2023-05-06 12:27:36', 93, 3),
(366, 'ww  a u  dqrqgag wgrzezdqdgr e o   angyd', 'www.rwxyqhfhle.com', '58935421', NULL, 'ewenu@nwapocicom', NULL, '2023-05-06 12:27:36', 125, 2),
(367, ' g     s  os flxn j shqne numjwy i m va ', 'www.juiuvljsiy.com', '08212797', NULL, 'rvnlz@hozfibncom', NULL, '2023-05-06 12:27:36', 49, 3),
(368, ' ap   robxlzhhezym  ylgwurlmwqqxd  hbrhs', 'www.krymltzhhk.com', '84-302-3', NULL, 'iqqlm@kuyzxmgcom', NULL, '2023-05-06 12:27:36', 18, 3),
(369, ' d iwxaqa  i  i  kuhwz eziojj  mt  flpkb', 'www.gfdniiylak.com', '07841540', NULL, 'pxnim@dobketscom', NULL, '2023-05-06 12:27:36', 100, 2),
(370, 'el ukr nd  my pnpeqvcn embdp  zg  qyvt t', 'www.bvvkpewuvw.com', '73310741', NULL, 'eqnwo@umuwinzcom', NULL, '2023-05-06 12:27:36', 171, 1),
(371, ' r  d pdmb qbg m   d tlcpuyyhwqeih x zc ', 'www.mfqlqeownp.com', '98761640', NULL, 'pyrnz@gwejwjycom', NULL, '2023-05-06 12:27:36', 189, 3),
(372, 'gnx  ogts   s rmodrhdts vcqmikjto gd   q', 'www.vjmghvntpn.com', '11303404', NULL, 'hlpim@ntokavlcom', NULL, '2023-05-06 12:27:36', 192, 3),
(373, 'gsqduwqq lasr  ja m vkxlvpsi y a z  uzg ', 'www.yvhndrtctb.com', '538238-4', NULL, 'zpwkh@ovjvihtcom', NULL, '2023-05-06 12:27:36', 99, 1),
(374, 'wmbo  l  n n qel dyon t cu we z   uf  p ', 'www.iibwrvtdyh.com', '36036906', NULL, 'ptvdf@drbgeihcom', NULL, '2023-05-06 12:27:36', 81, 3),
(375, 'azkuwvhl  ono h vhbnqjcb hxod v o rj bup', 'www.sskfnyvibm.com', '5305589-', NULL, 'mmbru@vwiunjrcom', NULL, '2023-05-06 12:27:36', 24, 3),
(376, ' lhv xlmyd  d qey ky bm  fpqnnt  k  gaz ', 'www.cstdnlnukd.com', '7856636-', NULL, 'iyhxm@xdjkhcfcom', NULL, '2023-05-06 12:27:36', 108, 1),
(377, 'z  ls ocukb  hyfwlnwzfoymjc xkdl svt ct ', 'www.shytvnpzog.com', '078-9469', NULL, 'ikuod@zlocxvucom', NULL, '2023-05-06 12:27:36', 14, 2),
(378, 'k jzerbjgqh o r e lk   o wis  y q s uptj', 'www.rhxkrisxyu.com', '4713-570', NULL, 'wvswx@ueeeoeacom', NULL, '2023-05-06 12:27:36', 188, 1),
(379, '    a ecjgcy a   cz ypjp b pr jt ljj dh ', 'www.cxdoebtbyf.com', '14350478', NULL, 'ztpcx@ctzjvxccom', NULL, '2023-05-06 12:27:36', 75, 1),
(380, 'x rjd  zf gtcczb osluf rvegtwc kvyqe wq ', 'www.kglsntpobx.com', '6388-238', NULL, 'gzest@anwytaacom', NULL, '2023-05-06 12:27:36', 21, 1),
(381, '  whql  il a bns sasa   x t hodnkxqpyaqt', 'www.zxocwdvtum.com', '11476423', NULL, 'ygrby@jehnnpwcom', NULL, '2023-05-06 12:27:36', 48, 2),
(382, 'p   pc bxjtpsctb ik cniwo am dv  v vezlv', 'www.obmwhefopt.com', '8823270-', NULL, 'dixyl@pjizbvtcom', NULL, '2023-05-06 12:27:36', 41, 2),
(383, 'yftueiku by rkj r   be k xj  u sh  frka ', 'www.ibdzkkmuxv.com', '37-4-231', NULL, 'zrsie@hzgaaiycom', NULL, '2023-05-06 12:27:36', 33, 2),
(384, 'pxxlzbfb kgegffw  mtcethn  rsfvlijzuvut ', 'www.yhfrivadqk.com', '13-59843', NULL, 'zuozx@viwdnjwcom', NULL, '2023-05-06 12:27:36', 101, 3),
(385, ' jkjlejntfuq wjqvt  xbbl md rgbaqi x r c', 'www.noprxkddmn.com', '471073-2', NULL, 'eknst@tlueqrecom', NULL, '2023-05-06 12:27:36', 141, 3),
(386, 'jc     ovuhtvyujkxw   y trq env gn r z b', 'www.nlvgollxfz.com', '53662-5-', NULL, 'tcapk@qmmujyecom', NULL, '2023-05-06 12:27:36', 134, 1),
(387, 'o y v  ddtm  f ly  ix ygrjre zp  gt  k e', 'www.mjiugpacyh.com', '93712620', NULL, 'desyp@movdfybcom', NULL, '2023-05-06 12:27:36', 141, 2),
(388, 'ef znul syy gtmy vftdgtnstr mpu amb  qen', 'www.wicjqnaoky.com', '961613--', NULL, 'cjohi@kymxxgqcom', NULL, '2023-05-06 12:27:36', 48, 2),
(389, 'o fxrtvg uqwch gv aufe y lb pze t l yxup', 'www.aysfssyxdi.com', '92703356', NULL, 'dmckl@pjowhxbcom', NULL, '2023-05-06 12:27:36', 110, 3),
(390, ' kluh  izsj nc wxzgwxf kfl ccrxmpm  n ms', 'www.knztpwilkp.com', '49374867', NULL, 'szgod@lljjmntcom', NULL, '2023-05-06 12:27:36', 174, 1),
(391, 'qxfcxds ri pooc dud zzr   u uz   i imagg', 'www.halcdmrhxf.com', '44027400', NULL, 'vvzjl@bpqtyhccom', NULL, '2023-05-06 12:27:36', 69, 1),
(392, 'i ckr pxhmbusc  s pjyqscgd n ley df  cn ', 'www.hshrihryey.com', '88914329', NULL, 'vixyw@txsuskzcom', NULL, '2023-05-06 12:27:36', 84, 3),
(393, 'xak prsor crv pxw  uejaiti  kap h sjvsul', 'www.vivkjtqmtb.com', '-6977650', NULL, 'fbjnx@ttrgyyvcom', NULL, '2023-05-06 12:27:36', 17, 1),
(394, 'tk aeye s vy  qoy  tolq  uclwxnsa ufqvhi', 'www.wyjgistchx.com', '38-26301', NULL, 'zeoxp@iddcqppcom', NULL, '2023-05-06 12:27:36', 195, 3),
(395, 'ay zlxye rzh xdk    a rduzhimyaf kof  ij', 'www.fwgkihpnpg.com', '5289398-', NULL, 'ojavd@mxkpzbycom', NULL, '2023-05-06 12:27:36', 98, 1),
(396, 'ei  apql   lyjzug sey  ct g lzuiso dzu  ', 'www.qbvuurnrpe.com', '0943665-', NULL, 'jlhsr@mqaoqhkcom', NULL, '2023-05-06 12:27:36', 171, 3),
(397, 'fqgdgrf  z fhf tisqy lu la st ygpcz pybu', 'www.fitrrltbkm.com', '01658747', NULL, 'gcmla@dxtyvmdcom', NULL, '2023-05-06 12:27:36', 77, 2),
(398, 'hthtc aq l ksr jhu sw arcd jq xgwjj   q ', 'www.vfachoxzqz.com', '17--4029', NULL, 'kszyu@miyiixncom', NULL, '2023-05-06 12:27:36', 71, 2),
(399, ' kqmk  dqn fzmgo e q otr  w wsksuq xs  k', 'www.eielqdvple.com', '31723941', NULL, 'ilsqt@ibvwlaecom', NULL, '2023-05-06 12:27:36', 83, 1),
(400, 'tvfbwekujag z  nr k   whdnsy pwkb  oz pm', 'www.mvluipaxau.com', '37899351', NULL, 'noagi@bmjeolicom', NULL, '2023-05-06 12:27:36', 149, 2),
(401, ' vqd v  cl    r   ga    q i dnwxzf oa  d', 'www.altkroxdrq.com', '17401238', NULL, 'icmwc@zgbafricom', NULL, '2023-05-06 12:27:36', 57, 1),
(402, ' lm cikvdf mpy   u jzo d  l  vir hj c p ', 'www.wrxzmrfuiy.com', '0314085-', NULL, 'orzsm@ynbcvbkcom', NULL, '2023-05-06 12:27:36', 141, 3),
(403, 'wi cnof m bxo avgn zbcyxg v  m a xb q ih', 'www.tpiwveyymx.com', '79241433', NULL, 'ahwhq@teqyrticom', NULL, '2023-05-06 12:27:36', 167, 3),
(404, 'fp wsv  oqehje  k    vk  xym s iouhhnyd ', 'www.gbtpgmnijx.com', '04368007', NULL, 'jxiph@cwxojwtcom', NULL, '2023-05-06 12:27:36', 83, 1),
(405, 'q wm  f  o   xdan bj e ge  e qcm ohw mki', 'www.kpebygehdi.com', '813-1885', NULL, 'xqqtx@qqtwkgpcom', NULL, '2023-05-06 12:27:36', 17, 1),
(406, '  plnslp fiefq wz  mez a kauhgpomuz irh ', 'www.hqomyurcar.com', '1-747659', NULL, 'yocqq@mqaicrmcom', NULL, '2023-05-06 12:27:36', 28, 3),
(407, '   e qu m ecl h  rtf munvoxsa  ss  hd te', 'www.iezcgkwoai.com', '7248757-', NULL, 'vmxdb@qavgwmgcom', NULL, '2023-05-06 12:27:36', 25, 2),
(408, 'jglgsoqd  ieapmd didyzukj gnteko  n fg v', 'www.xncbdikgjy.com', '64312766', NULL, 'oustg@cfofaxicom', NULL, '2023-05-06 12:27:36', 34, 2),
(409, 'e  zvyoqwfll ahu  qt  zrgxs  pw arne   f', 'www.fuvadeumwf.com', '66312-92', NULL, 'owzly@pnvzckacom', NULL, '2023-05-06 12:27:36', 117, 2),
(410, 'i mrshgoaxs xbfpqdmcou hq xdwmsa eycs xz', 'www.zsdsjfgbgg.com', '-8830463', NULL, 'axozw@eykyvqfcom', NULL, '2023-05-06 12:27:36', 83, 2),
(411, '  m lkjeuuoxas  q  mputf szsjhthcxy  gj ', 'www.tuzuygmfyr.com', '18029254', NULL, 'wbncu@aqgapifcom', NULL, '2023-05-06 12:27:36', 109, 3),
(412, ' xj ob   g sdofo mvcefx e  ll t i s fev ', 'www.mzjgjffzir.com', '54-3-341', NULL, 'meptc@azutkamcom', NULL, '2023-05-06 12:27:36', 172, 1),
(413, 'fe  r vo xuvbo crnvc zd xok   fxwhbnut  ', 'www.keicodbukq.com', '80914078', NULL, 'dknfw@grxldvycom', NULL, '2023-05-06 12:27:36', 110, 1),
(414, 'q e  vww  qv kor jq zy c hjn hhu rerjio ', 'www.upzhoctewo.com', '95613731', NULL, 'jpojl@rhlformcom', NULL, '2023-05-06 12:27:36', 155, 1),
(415, 'xcgu c   rn mv w fh  pymloajlpg  xatnkkn', 'www.nizqtbihlh.com', '132-2992', NULL, 'raoqn@kwsvlykcom', NULL, '2023-05-06 12:27:36', 192, 2),
(416, 't uwrjprx  kh  h  v  o i okazxwd gtgozk ', 'www.hysppfwecp.com', '52589--1', NULL, 'inunz@emzbqtscom', NULL, '2023-05-06 12:27:36', 128, 2),
(417, 'f     yv dy mh qon    wxznzgfbchbrn ndo ', 'www.eoferrrlbi.com', '-0-11998', NULL, 'fzhwf@vapnaugcom', NULL, '2023-05-06 12:27:36', 12, 1),
(418, 'ow tbz  fva kua cbmi zzzu  ahdfyjkdc yw ', 'www.lvafdxgxlv.com', '319794-9', NULL, 'haosf@xtmwhmucom', NULL, '2023-05-06 12:27:36', 48, 1),
(419, 'uhikkf kjj pwy   wzz   oc qft   xy im  j', 'www.hggkguemye.com', '5-279195', NULL, 'qgnox@mmceiuncom', NULL, '2023-05-06 12:27:36', 126, 3),
(420, 'm tatuqn jg  odqrx jmlhspv wcdbg f lcdw ', 'www.plulnywoff.com', '37926981', NULL, 'ipmhr@nrisomdcom', NULL, '2023-05-06 12:27:36', 49, 3),
(421, ' prczuv pf vxpflhfmdnacqatvx czuup qs mr', 'www.lxvvjzzqba.com', '9-733516', NULL, 'anjlh@bidwqzacom', NULL, '2023-05-06 12:27:36', 102, 2),
(422, 'rcsg nnwkztfsb cnuml keu tvdjhiwpaa g is', 'www.jxibayreux.com', '82897393', NULL, 'ijaje@ejrscgxcom', NULL, '2023-05-06 12:27:36', 40, 3),
(423, ' p   r  us p ycf gyypyocum  pmfc v imt  ', 'www.wtgnhnbnfi.com', '0100-012', NULL, 'erygb@qaionorcom', NULL, '2023-05-06 12:27:36', 173, 3),
(424, ' xed  ny fug htbu k jbwwav qa   suofhu j', 'www.huwhmttsoz.com', '63530458', NULL, 'sepye@zpyuhcmcom', NULL, '2023-05-06 12:27:36', 44, 1),
(425, ' yepme ildhdqgl p lpah xanfhglm rjaznhx ', 'www.arnitgmffe.com', '44-69406', NULL, 'vrozd@khxhylgcom', NULL, '2023-05-06 12:27:36', 109, 1),
(426, ' mqnhkdphzau cmg  k kg pf vkbylxke  zhc ', 'www.zrprctmuoc.com', '01702-04', NULL, 'xfecx@yzirdmmcom', NULL, '2023-05-06 12:27:36', 106, 3),
(427, 'vejdbuyr  y dciplsmkg bcuqqsijcrfmp vxg ', 'www.hozgaxkbwr.com', '6--30-67', NULL, 'dpuyv@zwaurivcom', NULL, '2023-05-06 12:27:36', 4, 1),
(428, 'aekw l nfufklbukqdunwtq lih dm dyqxdymqj', 'www.vvhjflzreo.com', '36133506', NULL, 'vhmfz@rgaoqmicom', NULL, '2023-05-06 12:27:36', 185, 3),
(429, 'u p ah t bllncmfrr vkhphiwj n pg t frvxd', 'www.coehmhfyae.com', '269813-5', NULL, 'qfgtz@pjcdpohcom', NULL, '2023-05-06 12:27:36', 33, 1),
(430, ' je y anpwmzo koexu   b zllzqbm  jxui d ', 'www.jupimgzvkw.com', '542-3876', NULL, 'gsluf@wfnjvmncom', NULL, '2023-05-06 12:27:36', 150, 2),
(431, ' x xtx l d hvjwloqqrmfc  k i wpcmjqnc lg', 'www.ladzbrrzar.com', '45145770', NULL, 'rxapk@fqcqgmrcom', NULL, '2023-05-06 12:27:36', 52, 2),
(432, 'lrbyqsbka nst bl t fhq qeltrgmqblltxw vg', 'www.bhtunaldqi.com', '332-3193', NULL, 'xxdol@hlpgkzlcom', NULL, '2023-05-06 12:27:36', 67, 3),
(433, 'cunf ych  yd  leuhk  nyft smd dp  v n fv', 'www.wyuexvqejl.com', '33813412', NULL, 'jhvni@clnnjwqcom', NULL, '2023-05-06 12:27:36', 137, 3),
(434, '  gbj  e f vai z qnwdalb  sf azwo  ajg  ', 'www.mhkpklaasl.com', '07642-49', NULL, 'eyfsk@fgaaqybcom', NULL, '2023-05-06 12:27:36', 87, 1),
(435, ' jl  fofr  ycd  bogbf lx  t a d hd tyuwd', 'www.qhpuiwvbbq.com', '33-43-20', NULL, 'diqgc@nlmlhaycom', NULL, '2023-05-06 12:27:36', 59, 3),
(436, ' h ntuuml  p sq   ph at zmq mndyiie   yf', 'www.lpvvreokej.com', '30174127', NULL, 'jbgwq@mwxiklbcom', NULL, '2023-05-06 12:27:36', 30, 2),
(437, 'dmgmnewo kht   zq m vdz ekq ilijatsvlxss', 'www.ognredmsif.com', '-9289556', NULL, 'iyzvo@ztbhcelcom', NULL, '2023-05-06 12:27:36', 180, 1),
(438, ' ugxwuhszfugdz g wsjsfok   e sjf lbbmtsy', 'www.ulngppwctb.com', '6521-533', NULL, 'ejegw@nudthhfcom', NULL, '2023-05-06 12:27:36', 175, 2),
(439, 'nknlka qu ke l jnpq    rz     eup    dbc', 'www.zwlyyxlush.com', '5-71-599', NULL, 'glfjo@tyraupocom', NULL, '2023-05-06 12:27:36', 16, 3),
(440, 'yshm  nu ni w yvowarrb   nap bj bndw  gf', 'www.amckcmlece.com', '02577992', NULL, 'nyvre@yzgxvzjcom', NULL, '2023-05-06 12:27:36', 22, 1),
(441, 'vmat h sdw  zlegfojjjds ssbkd rwdx uuh  ', 'www.xgwebogvik.com', '46-67375', NULL, 'wvnks@glhmwudcom', NULL, '2023-05-06 12:27:36', 189, 2),
(442, 'eoymaicw ft p ng  oufl gwhrb gkduqysz fx', 'www.ubayxukabk.com', '00070410', NULL, 'ejgjm@ddmmevucom', NULL, '2023-05-06 12:27:36', 75, 2),
(443, 'ppzgcc  lmmkx e  fyggvz epbs psywwetbpjf', 'www.nskvwlepxs.com', '82387317', NULL, 'owcdh@qwqegkvcom', NULL, '2023-05-06 12:27:36', 10, 2),
(444, ' kfehaa o  mnuziepxdyq km igv v sfq f  m', 'www.jrhjuokmrg.com', '1792170-', NULL, 'btvwi@gcodanccom', NULL, '2023-05-06 12:27:36', 80, 3),
(445, 'eju  v  m ymorz   iacbggutvkspebi  d fcz', 'www.gogvdoiixp.com', '97609644', NULL, 'zoaqm@zmiaiascom', NULL, '2023-05-06 12:27:36', 14, 2),
(446, 'd kp xr  v  z nwqgva rtqa  e kjs pr exgb', 'www.dubhbmqkkp.com', '66352-26', NULL, 'lfxcl@dryfbkbcom', NULL, '2023-05-06 12:27:36', 68, 2),
(447, 'mxlsvclxumj muptsizhrwm  mga    kibh k  ', 'www.rblimlfffd.com', '56368923', NULL, 'crasa@orklknbcom', NULL, '2023-05-06 12:27:36', 116, 1),
(448, 'ltpmqn s llzztw ijvbtdl m dgi sgb  pocs ', 'www.gqnzeemhyh.com', '28012057', NULL, 'iuvqf@xautbuccom', NULL, '2023-05-06 12:27:36', 29, 1),
(449, 'tvg sg  a xvalw  d m pl  g oxge   ooggwn', 'www.grosyjulac.com', '7-028415', NULL, 'ribjh@rfmsypwcom', NULL, '2023-05-06 12:27:36', 120, 3),
(450, 'gdfh elfnech ut pghssg c   kgnygf bfc mt', 'www.kpzvaesrpg.com', '80572352', NULL, 'qyqkd@ibpxzhncom', NULL, '2023-05-06 12:27:36', 180, 1),
(451, '  dzv  ny  lrhdhfqu tagdnxxc qkcdz q uso', 'www.fqvwlfgrwf.com', '--65677-', NULL, 'goetj@gerfhnicom', NULL, '2023-05-06 12:27:36', 54, 1),
(452, 'yrphogmspjot  dk dfqnetcwxtqtchbm et z p', 'www.fnmrocjhqt.com', '414-1192', NULL, 'vapyf@zyeokmccom', NULL, '2023-05-06 12:27:36', 121, 1),
(453, 'ulu efx yv by rkjkqdxmhgpyqwpwwxuin yop ', 'www.vxurajmpwq.com', '21484772', NULL, 'rjxsd@vxupjzlcom', NULL, '2023-05-06 12:27:36', 99, 3),
(454, 'nq   bkdjb udjq  s zejma dw occanx a qq ', 'www.jbdqdzipke.com', '330-3964', NULL, 'ohlqv@cveiqcwcom', NULL, '2023-05-06 12:27:36', 43, 3),
(455, 'y kdhlzf  pui i xbjlrdh f ubvyjg  gmq wj', 'www.fwjvpzdisc.com', '24623-76', NULL, 'uyhak@tbhymajcom', NULL, '2023-05-06 12:27:36', 174, 3),
(456, 'qutsdy ly  jfrhgrp q  qmrspsowm cq  sfep', 'www.hagapsffjf.com', '43040-18', NULL, 'wobyh@yjiwxflcom', NULL, '2023-05-06 12:27:36', 166, 1),
(457, 'hg    vxl  piarwfvje  ssl neackvq zulm p', 'www.erkwwvalch.com', '-9891410', NULL, 'xljmu@whqnfxdcom', NULL, '2023-05-06 12:27:36', 190, 2),
(458, '  grc m xfqgpgh ltwb v i ug kllqqzvu sxy', 'www.bqelbcygtf.com', '-5018398', NULL, 'qmvbp@cpnglnscom', NULL, '2023-05-06 12:27:36', 112, 3),
(459, 'd  vtoa cdlcyjix kc  qpiwubt f d nv idk ', 'www.fazmpjvxyy.com', '01682498', NULL, 'mqhsj@pftkkolcom', NULL, '2023-05-06 12:27:36', 140, 3),
(460, ' efrsq ta g w  l nev xu tzq rtc  xqxk x ', 'www.kdhusxhxct.com', '7-304164', NULL, 'dvmmu@izfitaycom', NULL, '2023-05-06 12:27:36', 97, 3),
(461, 'l nakdna rwu   ieirtlv  os djk r li    r', 'www.uselazlxqj.com', '--478428', NULL, 'bvzkt@pmchmixcom', NULL, '2023-05-06 12:27:36', 181, 3),
(462, ' p sht   s   ezt f ru u xercevtdqsn  fjp', 'www.asekcmuwhv.com', '09401848', NULL, 'cykuv@fnpauqtcom', NULL, '2023-05-06 12:27:36', 56, 2),
(463, 'uh nz   tcfl vcpe h eo eph mtzf d phe jw', 'www.zxjkpxegjw.com', '81632--1', NULL, 'drkge@xdbqizycom', NULL, '2023-05-06 12:27:36', 132, 1),
(464, 'ddmv xpsjl qmahr  g mxaselw s ckd covhqr', 'www.clgpqkmusw.com', '-1-8-341', NULL, 'nvorb@eefsxyrcom', NULL, '2023-05-06 12:27:36', 131, 2),
(465, ' xmw  rpz nro  scuiofrv vt l lkmogbinbsy', 'www.pvhsmlvbfo.com', '25729554', NULL, 'hstci@kerkepvcom', NULL, '2023-05-06 12:27:36', 57, 1),
(466, 'c  uepgsswjqsby dkj tt  yji ne lbofxs ca', 'www.gxgjsomhdm.com', '-8601719', NULL, 'qmjql@vmivqhmcom', NULL, '2023-05-06 12:27:36', 57, 1),
(467, 'vtsy v emagrngjzaz rj rfjmn k iwvo wu n ', 'www.jrjzhxznwe.com', '72303412', NULL, 'rqodm@qelsajkcom', NULL, '2023-05-06 12:27:36', 98, 1),
(468, 's uspfpuv v  go  kccf  lh kxklqjtbt  beh', 'www.dyghlwijdw.com', '07097142', NULL, 'iuill@hwejwmbcom', NULL, '2023-05-06 12:27:36', 81, 1),
(469, 'n kbl b   dfgdeuhff k  iel  d fnm np nxu', 'www.yxcosnzfic.com', '82893906', NULL, 'solie@bseycpxcom', NULL, '2023-05-06 12:27:36', 167, 3),
(470, ' cqdi  j  ic a rhhsc k  e wrs f rpjxi tj', 'www.bduntmffop.com', '571-92-4', NULL, 'zhiva@eybabqjcom', NULL, '2023-05-06 12:27:36', 91, 1),
(471, '  upbra u usr  f hxz ygh  z ftjmft vcmn ', 'www.amdyhfraef.com', '298270-5', NULL, 'klrsk@qcatkkkcom', NULL, '2023-05-06 12:27:36', 65, 3),
(472, ' feul nym  e  gpsicgo nsowux aep a xy ie', 'www.hzskutdvgi.com', '-5407745', NULL, 'jzsef@ycetjrvcom', NULL, '2023-05-06 12:27:36', 185, 1),
(473, 'viw ewwdw as  a yqmil yysl npppf tl uj b', 'www.wbyibvvcuj.com', '14046652', NULL, 'evtou@gaiyiepcom', NULL, '2023-05-06 12:27:36', 30, 1),
(474, 't  i atd hmpe nv a rgtgc  qcmnbieljpy  g', 'www.bxmhxjcfvh.com', '02006-23', NULL, 'lqapc@zdveelpcom', NULL, '2023-05-06 12:27:36', 4, 2),
(475, '  udnv    uyhgxy   nndgqxgxs vzbmyw fvhb', 'www.nenxmywrte.com', '239921-7', NULL, 'rwyrw@ckawldxcom', NULL, '2023-05-06 12:27:36', 163, 2),
(476, '  bdrfgdxwrrh oytzpes q ju friy obvt  mx', 'www.zdocsanett.com', '06441929', NULL, 'rstgh@jccqelacom', NULL, '2023-05-06 12:27:36', 127, 2),
(477, '   lbdx q fy  sglbqgxxqkdhgp koyry p  l ', 'www.rqcudwyghx.com', '1505-35-', NULL, 'oiuxz@zwicroxcom', NULL, '2023-05-06 12:27:36', 52, 2),
(478, 'sn lt  r rcwu n rfa vu gfcjohpnrneepkiov', 'www.unynnvraeh.com', '-3298503', NULL, 'mgptl@kbhwkdvcom', NULL, '2023-05-06 12:27:36', 183, 1),
(479, 'uf y ohsxjj dxhl aoe er u  u  n hpww   w', 'www.lidavwjdjv.com', '03381937', NULL, 'miufj@hczgobfcom', NULL, '2023-05-06 12:27:36', 124, 2),
(480, 'mu  x ggy jbgk u bnpipw bj et yzzp  jeq ', 'www.myuhhlcchi.com', '29005272', NULL, 'obxtj@wlzfhkrcom', NULL, '2023-05-06 12:27:36', 67, 1),
(481, '   bqjwis he ui na  xscj tph  sy nl wm a', 'www.anasldarzo.com', '2-394387', NULL, 'dxxky@aqbwolpcom', NULL, '2023-05-06 12:27:36', 176, 2),
(482, ' md fhj j o pyi  koml ubomnv e asq    gx', 'www.kjoddzmilo.com', '08956966', NULL, 'gnfvo@mtkuypncom', NULL, '2023-05-06 12:27:36', 183, 2),
(483, ' ymmrw  a t  fj hc e  yd iygiujqoczsip b', 'www.zomdaaarqe.com', '35901770', NULL, 'psdba@pwmgjmjcom', NULL, '2023-05-06 12:27:36', 173, 3),
(484, 'vjzlnk a oghrzslsbct  d  cdk tyy v  v  j', 'www.lwoiaudrop.com', '63188514', NULL, 'ysypx@ucqpiqfcom', NULL, '2023-05-06 12:27:36', 177, 1),
(485, 'lrom m y  lh     g   nslziat tc ezpbnec ', 'www.zdlcgicuzo.com', '90455675', NULL, 'kswns@kbehxdkcom', NULL, '2023-05-06 12:27:36', 110, 1),
(486, 'lrwnrrd c   xzqpx h  shqgkmaj mxrtz r z ', 'www.shyvpcxhlm.com', '26846-50', NULL, 'vlgea@uybjqmzcom', NULL, '2023-05-06 12:27:36', 101, 2),
(487, ' hv   adb  t lrma   icgv g  pp xuq   c  ', 'www.jmyfwpuwin.com', '34981637', NULL, 'ufnvo@newyrhlcom', NULL, '2023-05-06 12:27:36', 13, 2),
(488, 'pp qazikw ho   iwgjdgg ar  bxokx   ijfso', 'www.rzreeuzqrq.com', '47732135', NULL, 'jgafs@uzrikgocom', NULL, '2023-05-06 12:27:36', 44, 3),
(489, ' wzdj t  rtmhwocoka nzt c t xm fcp  ypuh', 'www.ckpgmfwuvf.com', '88068681', NULL, 'jrpdl@kxgjtfacom', NULL, '2023-05-06 12:27:36', 18, 1),
(490, ' rlxgtudzr gq bzndkz    gtkl  pybmrap zk', 'www.yxlgctqdvh.com', '48-83314', NULL, 'bwlrg@xnfiwficom', NULL, '2023-05-06 12:27:36', 73, 1),
(491, 'u   zdpmz f gnpfdqulw astn  tqhkter js  ', 'www.zfkmbmlbnr.com', '91830-71', NULL, 'chcok@cblhfhacom', NULL, '2023-05-06 12:27:36', 135, 2),
(492, ' rk f vm rbapau itbqxvnbgjrlurdpd xphehv', 'www.qfnmnsubss.com', '08180153', NULL, 'hkgov@ycutazicom', NULL, '2023-05-06 12:27:36', 15, 3),
(493, ' qek j qstgiikdc nv oe xvy  bkyd izhxy f', 'www.prylguruie.com', '16-40299', NULL, 'ixnas@kiwmiegcom', NULL, '2023-05-06 12:27:36', 90, 3),
(494, 'vzuycfizg rlai c  j   dnjnxxd  p wew  uq', 'www.kbseiapton.com', '36467602', NULL, 'mvxej@dwufxhqcom', NULL, '2023-05-06 12:27:36', 147, 1),
(495, '  z hraauovvovrwxfcuiwbloyi c fcm  wwayb', 'www.lwdxvlojke.com', '60073848', NULL, 'fxgnd@zvghpdtcom', NULL, '2023-05-06 12:27:36', 145, 1),
(496, '   ymamv dxmqmmlefp d  b m  ehux kq z   ', 'www.akicnkhaxp.com', '1988-961', NULL, 'yyzgk@ndxztxncom', NULL, '2023-05-06 12:27:36', 36, 1),
(497, ' mdc gieg   iytio imjf phze twis  eai   ', 'www.txqwbswett.com', '284052-1', NULL, 'fuaaf@yullrzscom', NULL, '2023-05-06 12:27:36', 35, 3),
(498, 'a wtgua  ni  afi lgb vrzi me cx wtcu  z ', 'www.znxwecxsle.com', '5-921-58', NULL, 'peuyf@rukwnbicom', NULL, '2023-05-06 12:27:36', 167, 2),
(499, 'ok  he  y  sfk bbwv w susqhsji wpitydo  ', 'www.efhgwuloer.com', '1101177-', NULL, 'wqsob@uqjfhphcom', NULL, '2023-05-06 12:27:36', 49, 1),
(500, 'kqo  ka  q b  h sck kurbv zt  j fuwx xwb', 'www.tsphilnhqn.com', '3659-491', NULL, 'cazqi@khgpyoscom', NULL, '2023-05-06 12:27:36', 104, 1),
(501, 'ekcrhnbjl  b n z  bsp x gbpqyhwp t t h s', 'www.otimzaojsh.com', '16018232', NULL, 'mlxtq@pwpqbflcom', NULL, '2023-05-06 12:27:36', 93, 3),
(502, ' cang n  ltschyh nakw pe lexoybyk tky fs', 'www.otcezxjdjb.com', '72592435', NULL, 'omkvh@alkgcvhcom', NULL, '2023-05-06 12:27:36', 80, 1),
(503, 'o y  tei tbd  rknf x eckmyvku wvikalfy  ', 'www.wxeuibnnqf.com', '61677937', NULL, 'jiwaj@agjqglpcom', NULL, '2023-05-06 12:27:36', 110, 3),
(504, 'xih qjgyrdezaay   tnk q   p c tzc wae qm', 'www.gnzpkxxvso.com', '-8329172', NULL, 'zenrv@wuiuyelcom', NULL, '2023-05-06 12:27:36', 26, 1),
(505, 'xxklghkkopkafo kq  o mkpmc uujogh rn gq ', 'www.kqmcsagiop.com', '62472183', NULL, 'nhrcd@tfvyoxtcom', NULL, '2023-05-06 12:27:36', 194, 2),
(506, 'd   fn crchjm rzqujp a cwduilxzs ogsab l', 'www.kxiqryrwyp.com', '91837217', NULL, 'dgwsa@qpdizbfcom', NULL, '2023-05-06 12:27:36', 10, 2),
(507, 'kgzh sd ejjlrpxnq  qojtpmpkevckgabi y gv', 'www.ejibbvuyfr.com', '55801811', NULL, 'jlqkm@kpkvbcncom', NULL, '2023-05-06 12:27:36', 139, 3),
(508, ' ex  p  bgr  xsbjq p ry  r  zf  orjf    ', 'www.gawtzvveej.com', '4-972295', NULL, 'ohntp@pplfxyzcom', NULL, '2023-05-06 12:27:36', 15, 2),
(509, 'qpyz gw q j li   n vpynb fa  nblhlogr ds', 'www.tbarhoushv.com', '1990-508', NULL, 'rdwtw@hscqrplcom', NULL, '2023-05-06 12:27:36', 169, 2),
(510, 'x rh fv e vts o  w uql  j cgvzcaotl qwcd', 'www.npqdidukhu.com', '8-408349', NULL, 'qbboe@cmypndncom', NULL, '2023-05-06 12:27:36', 129, 1),
(511, 'lv zxbazq  f   hgxv j  mulf cdk w fepxew', 'www.znttkfzzrm.com', '268791-7', NULL, 'cpzbf@osjhurwcom', NULL, '2023-05-06 12:27:36', 21, 2),
(512, 'kw zwuse mipw avhcs   x  tpyyh    b gpvs', 'www.oufrpfwwzh.com', '4009-86-', NULL, 'bcdkc@mpwcbtycom', NULL, '2023-05-06 12:27:36', 168, 2),
(513, '    kulwf sgdnvao     r btkj p axv i ruw', 'www.whnlbpfgml.com', '69495152', NULL, 'wfnzm@klqopiscom', NULL, '2023-05-06 12:27:36', 58, 1),
(514, 'o dx j d gfin juxr onfvoqe v  a uy nxeib', 'www.msxcqfzuue.com', '57240670', NULL, 'sbyeg@eubbzvscom', NULL, '2023-05-06 12:27:36', 54, 3),
(515, 'zncmwco cxpox epslnpju pq warao j su qv ', 'www.llqeuudsxc.com', '--954-08', NULL, 'jolxg@wptyyqlcom', NULL, '2023-05-06 12:27:36', 74, 1),
(516, 'ko  mt acj pfe  iy p v vvx  yk dqwgwwq y', 'www.uaioqrnbub.com', '89024985', NULL, 'pqdle@tmavwfvcom', NULL, '2023-05-06 12:27:36', 160, 1),
(517, '   av zq  wbosy m i  f  aanp dze oo p vi', 'www.apynpusaph.com', '87728416', NULL, 'firpd@hshmxxdcom', NULL, '2023-05-06 12:27:36', 88, 1),
(518, 'btalch lael eji  dm t bioenj xnmmu dliqr', 'www.vqhbspuqon.com', '37500183', NULL, 'qfcpm@zjvsfmlcom', NULL, '2023-05-06 12:27:36', 92, 3),
(519, 'gf z mtqvfa u ar gkz r dfpos djf xusfrso', 'www.yhfstmkhim.com', '75635886', NULL, 'gwaqk@atkqrzmcom', NULL, '2023-05-06 12:27:36', 13, 2),
(520, 'tetb popputwmsywvd w kselcp ggjfps tkm a', 'www.reaqkcccfs.com', '90123418', NULL, 'jhoin@xmcdcdocom', NULL, '2023-05-06 12:27:36', 125, 1),
(521, 'ehp usjhocsnee qpn   al x zzd yul kjvy q', 'www.nwnwvhjkwh.com', '32-15217', NULL, 'jbkmc@ozbydtvcom', NULL, '2023-05-06 12:27:36', 173, 3),
(522, 't  bn lw zdx dq  blg ctwcnpeewipdnxnm ud', 'www.glpkzljnsu.com', '7-965824', NULL, 'prycy@nojiixscom', NULL, '2023-05-06 12:27:36', 22, 1),
(523, 'zbds t  mwzxqoyr g hf q q k feyh   d  t ', 'www.mxvfnaqvty.com', '14-42858', NULL, 'pgwer@fezkjgfcom', NULL, '2023-05-06 12:27:36', 164, 3),
(524, 'w qtva uwo vk   k   rjlpcz sw k yqqp bo ', 'www.nmpxsibhvo.com', '031240--', NULL, 'gntwk@flgsmxrcom', NULL, '2023-05-06 12:27:36', 111, 3),
(525, 'llcv  k  hoh bxwq arpdxkz k cek qznx car', 'www.wqrvdxncqa.com', '438756-5', NULL, 'zcsee@zbujaswcom', NULL, '2023-05-06 12:27:36', 28, 1),
(526, ' vlq    c  woppn jzaba g o spg  ts nay o', 'www.ecuzbgxqrn.com', '18955887', NULL, 'dlfma@gyksrdrcom', NULL, '2023-05-06 12:27:36', 123, 1),
(527, 'rlde p   bhfluvjlnv vce  fmx e cstw ydgl', 'www.kvlkzwlwya.com', '61720843', NULL, 'mbddf@qyhnhxpcom', NULL, '2023-05-06 12:27:36', 107, 3),
(528, 'olck cbwjs cxwapul  fyb  fs upkx j lxcbl', 'www.gjiupyqvco.com', '39588-50', NULL, 'xfxmv@bygbwehcom', NULL, '2023-05-06 12:27:36', 116, 2),
(529, 'lfkl   p  ko ogwmrko  rsv k o zkvglz uaj', 'www.xoencgiwqr.com', '86176-52', NULL, 'lmuva@mixiutwcom', NULL, '2023-05-06 12:27:36', 97, 3),
(530, ' f xgbg gom o     u g isg l qa u n reudd', 'www.vamblfqehh.com', '36-54954', NULL, 'mpyxa@xcsnrjucom', NULL, '2023-05-06 12:27:36', 103, 1),
(531, '  j thpz    xdk  bh jyt ic qipaq rs gwir', 'www.awzhcrlozk.com', '-7168998', NULL, 'cdemm@luiowoacom', NULL, '2023-05-06 12:27:36', 102, 3),
(532, 's muk ymopsigvc  qrni ftvus kzd wlglc pm', 'www.nfycxgafyf.com', '1042-155', NULL, 'jzggv@smmfztscom', NULL, '2023-05-06 12:27:36', 182, 1),
(533, 'x h  nnuzv  jlh    o gwqw ljrvvw uaqv ty', 'www.juvcrtmmtg.com', '53028493', NULL, 'fihuv@mllprzmcom', NULL, '2023-05-06 12:27:36', 94, 3),
(534, 'mpahasaulzmklrq ntfb  rrwjjn yyng l kw c', 'www.bjvnccxjkt.com', '0656-007', NULL, 'gxowv@mwbzlnkcom', NULL, '2023-05-06 12:27:36', 119, 2),
(535, 'jvj  bomn  rxjtifuo qhm   a hliv kyhdooz', 'www.fkxuoayrww.com', '446-2355', NULL, 'onydv@hfosdsvcom', NULL, '2023-05-06 12:27:36', 8, 3),
(536, ' dsf r dtknccqdpnahhn bskl z rndqz hz nq', 'www.ijpkxvouby.com', '40-0-876', NULL, 'abrvo@cvcisnicom', NULL, '2023-05-06 12:27:36', 170, 3),
(537, 'lfht smzb big gvbqbm gijvzpmscg zwu s yz', 'www.mespgqbkkc.com', '30582446', NULL, 'dszeb@oxwbscjcom', NULL, '2023-05-06 12:27:36', 115, 3),
(538, ' u c  gce jo alxbqkmz thkv i  gy zdgabrb', 'www.xjiehnozut.com', '7250-401', NULL, 'lxory@inzjkjfcom', NULL, '2023-05-06 12:27:36', 104, 2),
(539, ' niv vfjfp  jw x ot recvbw y  nen mqdw u', 'www.koxvzgdsto.com', '29287211', NULL, 'oiwov@wzobvhwcom', NULL, '2023-05-06 12:27:36', 23, 1),
(540, ' cp i wxqtqwp gyun axqjur m tz l  eitbj ', 'www.qmfcubfbhp.com', '92449007', NULL, 'nwlbs@imxlnlrcom', NULL, '2023-05-06 12:27:36', 131, 1),
(541, 'tpieopmy doyzaoiwfsw  ycle k uu pxr xfvv', 'www.bqoydepugf.com', '-05---67', NULL, 'kiuxf@tkwsoigcom', NULL, '2023-05-06 12:27:36', 27, 1),
(542, 'acvjfv cq vq n c  ywcwhd svzgz e sft q  ', 'www.niywedwqdx.com', '02553176', NULL, 'rnjbe@pkehllzcom', NULL, '2023-05-06 12:27:36', 12, 2),
(543, 'aooduihn zbw uylc o  ac rhyhxgj chyjjfol', 'www.erfknxznag.com', '--8301-3', NULL, 'ibatf@qrdnewucom', NULL, '2023-05-06 12:27:36', 74, 3),
(544, 'iuczyxl   h  qx uk sgkw y pbf  dnufbb zu', 'www.nwcpmomfwq.com', '4085--42', NULL, 'fetke@eupeuoccom', NULL, '2023-05-06 12:27:36', 134, 1),
(545, 'mjdu uuo uzalda jaukc qp  v v bjw   ga  ', 'www.etaridiocx.com', '42766829', NULL, 'iiyff@zdzdkplcom', NULL, '2023-05-06 12:27:36', 133, 2),
(546, 'uz z  r o kd m fy v   ty idrpbfj hblk  y', 'www.hlveinrguv.com', '123380-2', NULL, 'qylxp@corsogocom', NULL, '2023-05-06 12:27:36', 158, 3),
(547, ' f dv irpfcl zmlcufjn qlp  kpbbs    rxkc', 'www.clsddgknfe.com', '73554427', NULL, 'kwucu@kakvxyfcom', NULL, '2023-05-06 12:27:36', 190, 1),
(548, 'dj  vtwqhlf   xbjc cjqrqdgw xt i cy lho ', 'www.hxogjllajw.com', '67608348', NULL, 'sizff@phdjokxcom', NULL, '2023-05-06 12:27:36', 48, 3),
(549, 'tseg  woh jtjzyf h vqxv ykkub h j i ytrn', 'www.hbnxhxkvwd.com', '9-7-91-2', NULL, 'gzyjx@bgyzhvxcom', NULL, '2023-05-06 12:27:36', 31, 3),
(550, 'ih  d q  zup  bww    ofj fw  aajnzjhu w ', 'www.ytgccbsycr.com', '-450685-', NULL, 'kvsql@bhiprvzcom', NULL, '2023-05-06 12:27:36', 45, 1),
(551, 'iz qzlqxldlvgm u engcekdbjh on un ll uys', 'www.guojvyaggp.com', '-4695313', NULL, 'dqgbq@rfkrofpcom', NULL, '2023-05-06 12:27:36', 85, 3),
(552, 'hug fkjlj smyx  ypvddst txwih  x  pgwpmk', 'www.ubjetwgteb.com', '805-9443', NULL, 'hpxvd@tugsdkhcom', NULL, '2023-05-06 12:27:36', 82, 2),
(553, 'buseg g n  a oz hlrgnb  qbwblwirhqf  rjk', 'www.vtnrvalcoi.com', '6--35914', NULL, 'ppdls@wxxtwgscom', NULL, '2023-05-06 12:27:36', 59, 3),
(554, 't pz nwqqhtqeyctqax  kr nrfif gsllz p o ', 'www.pflrkqxmdr.com', '02501101', NULL, 'sqldu@pnchbtvcom', NULL, '2023-05-06 12:27:36', 46, 1),
(555, 'v dqidij riv  qp z yyob   posvu d ws qr ', 'www.utvmftxmyn.com', '4--92571', NULL, 'zirfs@vesildgcom', NULL, '2023-05-06 12:27:36', 141, 2),
(556, 'ohryf sdjidlyjthng awmfi  v hzclvzz oxq ', 'www.sliriaaspx.com', '2643-614', NULL, 'izdhl@nnxlvejcom', NULL, '2023-05-06 12:27:36', 7, 3),
(557, '     huk q t s  b x  ccz snfc nk r  mvia', 'www.zhwszursin.com', '91-25345', NULL, 'ohpii@rwgtfbvcom', NULL, '2023-05-06 12:27:36', 150, 2),
(558, 'n  li sgtflrga v bj kptfh e zrrow xi z r', 'www.kcuwqadnmr.com', '41485582', NULL, 'kgwmn@uxuvzyccom', NULL, '2023-05-06 12:27:36', 174, 1),
(559, 'da eq t   vleeotmjkgectc x b  acwikfp l ', 'www.kvbfxmpjoc.com', '5314269-', NULL, 'wtqgq@bsrypujcom', NULL, '2023-05-06 12:27:36', 60, 2),
(560, 'hw jnlgjmfkcco j ivba eh  yb uskfle   kj', 'www.rxudcqiiwf.com', '-78-8114', NULL, 'qlytk@izgslwpcom', NULL, '2023-05-06 12:27:36', 172, 1),
(561, 'k h hwj  rl lfspz qebd  cckqch ufsjw  v ', 'www.mvitbekmje.com', '90288-27', NULL, 'twhvy@kaivqxucom', NULL, '2023-05-06 12:27:36', 189, 1),
(562, 'e b j    x  thwlhbf    kh rjwkmxnauttwcp', 'www.hljocmegfd.com', '-26242-5', NULL, 'wclzu@dyeewbgcom', NULL, '2023-05-06 12:27:36', 82, 1),
(563, 'rrqibf a  rqpw u  hz qicycvn jgm  iqjlfl', 'www.zemretyvje.com', '47070658', NULL, 'ajvlt@ijdpidfcom', NULL, '2023-05-06 12:27:36', 44, 3),
(564, 'mb  wuvlp   dq zp qbanrj  h fabqzi ep qu', 'www.rrazbhwrdo.com', '14999379', NULL, 'jeowr@ekoqeldcom', NULL, '2023-05-06 12:27:36', 119, 2),
(565, 'eh ndppch  br sdt arpgwieb  qq g  dacnh ', 'www.yseturlpjz.com', '66486497', NULL, 'hhbvj@hbjbrzccom', NULL, '2023-05-06 12:27:36', 56, 3),
(566, '    cl q e dngzsf d m f q btmnrenx fz zz', 'www.woelfiydab.com', '79926393', NULL, 'uuutk@ekviikkcom', NULL, '2023-05-06 12:27:36', 30, 3),
(567, 'f hmytslfrk kaid eikb chrltkoi pnijbhb k', 'www.sxmqksncxp.com', '157994-3', NULL, 'jfzdt@elqpcvacom', NULL, '2023-05-06 12:27:36', 39, 1),
(568, 'x    xexvqtgnr c sjry reo g xz b dnb  gl', 'www.mcdgnbvhsu.com', '74854260', NULL, 'lsfty@pqlhmugcom', NULL, '2023-05-06 12:27:36', 25, 3),
(569, ' hjak byk  lmkg    ae hrec b buajyeg dmq', 'www.imdrpbazzh.com', '16584069', NULL, 'depnc@vtotpyecom', NULL, '2023-05-06 12:27:36', 182, 2),
(570, ' zqsax g l xsnzn gf iarxzy  k es feipieo', 'www.jnvvlhhmnv.com', '27974-14', NULL, 'uhgul@unxdvdlcom', NULL, '2023-05-06 12:27:36', 192, 2),
(571, 'fsukco ga  oj x  a ysy wgbtyo  hkje  fb ', 'www.oubyajwmhk.com', '43-16363', NULL, 'jonqp@udplrsfcom', NULL, '2023-05-06 12:27:36', 95, 2),
(572, ' uk qs b vv guxtbgugvu rv z qz pvmibn sv', 'www.lgmbadnjsu.com', '-1274416', NULL, 'unpzk@deubasacom', NULL, '2023-05-06 12:27:36', 83, 1),
(573, 's tgvqgx  hsmdiermcdipduaws hyzjjvqc lpr', 'www.dgviasxhto.com', '15244-57', NULL, 'ipkec@mapztxxcom', NULL, '2023-05-06 12:27:36', 100, 3),
(574, '  k zkodack  ic zcsdwtxuwd vh  lghkh k c', 'www.dbivovxsjo.com', '376973-3', NULL, 'hbaxg@eoicuewcom', NULL, '2023-05-06 12:27:36', 98, 1),
(575, 'nqc umstyuxscxkg   w fhurt zeg b  urmqr ', 'www.uvvdlaldba.com', '32560745', NULL, 'aktri@ekvvqagcom', NULL, '2023-05-06 12:27:36', 126, 2),
(576, 'ijknpc g  a  uomkfy z  cay ckizbmpofvx  ', 'www.flzliveqmk.com', '19849029', NULL, 'unxto@wrgriakcom', NULL, '2023-05-06 12:27:36', 125, 2),
(577, ' nmvfnt xy  w ergn n   uu tx i  pnvdupii', 'www.zkhxzafbvp.com', '4-6-60-9', NULL, 'lutpv@ugbozjhcom', NULL, '2023-05-06 12:27:36', 66, 1),
(578, 'avaowa u kx bu a  t kvruh u slgutfd kqn ', 'www.iplkphqqld.com', '1-809046', NULL, 'hhflv@xuzirsacom', NULL, '2023-05-06 12:27:36', 10, 1),
(579, 'grqlj     ilbz eg lo m bsnpry u  ddaotq ', 'www.guirlqpgom.com', '95906662', NULL, 'ajplw@ugzijhfcom', NULL, '2023-05-06 12:27:36', 54, 3),
(580, ' md aekrcurjuo ne   ph vqakt puhdb xyrsc', 'www.fexnsqrmnv.com', '-5684955', NULL, 'tneqv@jjkvnngcom', NULL, '2023-05-06 12:27:36', 149, 3),
(581, 'j jh ygdjo ut dbrd vmp  tka    gqp ohotp', 'www.fxfqbogvxw.com', '40438867', NULL, 'nkzbf@rafwbrycom', NULL, '2023-05-06 12:27:36', 39, 3),
(582, 'oqulpxzhlvr    upe aegoqsgsjgxr   hqrzvp', 'www.seorbexppb.com', '64922865', NULL, 'lszeu@vusaaescom', NULL, '2023-05-06 12:27:36', 114, 1),
(583, 'fokzze  c hlqw oy ip  hc vves jgbchhh   ', 'www.ploylabpbw.com', '77608644', NULL, 'gsteu@hhiqlyecom', NULL, '2023-05-06 12:27:36', 20, 1),
(584, 'ijfu h noolvtentsjus gqglpl o rtgcnui eb', 'www.vxsnmwwgmz.com', '67223302', NULL, 'vhotk@rntlukccom', NULL, '2023-05-06 12:27:36', 193, 2),
(585, 'vramfc sizmp fyt dr l owvm    umfah s ry', 'www.ogeswomrgz.com', '985-8937', NULL, 'laowj@fueqwcdcom', NULL, '2023-05-06 12:27:36', 147, 1),
(586, 'hc dlfv   m n   rdbbya  okqx h  ohpq  wy', 'www.vtzlaudzwf.com', '28257545', NULL, 'jewdo@kiqoxevcom', NULL, '2023-05-06 12:27:36', 47, 2),
(587, ' hmi a cebd ctrvjfq tfpqhfko xpffgyqqaez', 'www.ptjikyozqd.com', '3569---1', NULL, 'ffygo@clxjbkqcom', NULL, '2023-05-06 12:27:36', 195, 2),
(588, ' mqmzrir q b  p ahyqy xvviszivdj fu edv ', 'www.tcczfktiib.com', '38013-07', NULL, 'hazgw@mstbpbwcom', NULL, '2023-05-06 12:27:36', 30, 1),
(589, 't dfml d  akt   a x ggqumeh revivy lzosl', 'www.irkggddsek.com', '5995-640', NULL, 'wjtvq@arpkfrkcom', NULL, '2023-05-06 12:27:36', 24, 3),
(590, 'a  wfslaelugq msalj  fspb  vjgu arnvonei', 'www.stbrvfrbnq.com', '73620604', NULL, 'tzbrb@tfuvsnscom', NULL, '2023-05-06 12:27:36', 106, 1),
(591, ' bvs tbfvno pis  oxs jlby ebr i gufjws  ', 'www.iideeaayyh.com', '633597-6', NULL, 'fvgal@oaygzchcom', NULL, '2023-05-06 12:27:36', 141, 2),
(592, 'kl hywur  uqeyd  qa keau vpfe wwdzm  jdx', 'www.xddzdwvomp.com', '61113235', NULL, 'kvguv@hlgqwlacom', NULL, '2023-05-06 12:27:36', 10, 2),
(593, ' su oitzmwzs nm ytvlx zrzy   sqbxxtv fhs', 'www.oxdoropuvh.com', '-7729235', NULL, 'mkwth@jlpabymcom', NULL, '2023-05-06 12:27:36', 93, 3),
(594, 'ww zsbvdr yzfnuwqwnuwvqpglifu cd byxffvq', 'www.dzkukzkdqs.com', '54888127', NULL, 'paljv@grsyqgucom', NULL, '2023-05-06 12:27:36', 136, 3),
(595, 'bcmcairreje mhz  yemeg  e aqbdzcfwah u a', 'www.caeogfhksw.com', '67710966', NULL, 'yfmqh@bmluphqcom', NULL, '2023-05-06 12:27:36', 143, 1),
(596, 'gsha   o q nggirmcfp fko o  qrngk s ub a', 'www.qnkqumqhbd.com', '67164044', NULL, 'bzpyw@brvzoymcom', NULL, '2023-05-06 12:27:36', 88, 2),
(597, 'ov  dskf  wkxsekc  btpwibicao vps vqoss ', 'www.rqkvqspflq.com', '51121-07', NULL, 'teqiw@cyxoojrcom', NULL, '2023-05-06 12:27:36', 59, 3),
(598, ' kbnfsgyj   evh psaon oeudyaxvnuxh  z h ', 'www.ifelrhprzo.com', '207-04-9', NULL, 'vunrl@ucvzouncom', NULL, '2023-05-06 12:27:36', 164, 2),
(599, 'ekhefajnlawv   v pnf aa gy xbpclfhht  vn', 'www.mvkfsfwlkc.com', '-214387-', NULL, 'bxmzf@yvuggmecom', NULL, '2023-05-06 12:27:36', 152, 2),
(600, ' gmbln  pinvr atgqupus   b y hcfim  hg m', 'www.pbmnirwcrr.com', '47149472', NULL, 'xtzuh@fbccmekcom', NULL, '2023-05-06 12:27:36', 22, 2),
(601, 's gvcds h ul el ef p c b wig ul ohirg   ', 'www.odkhtvhhwf.com', '18816314', NULL, 'uvnvk@prdahkxcom', NULL, '2023-05-06 12:27:36', 184, 2),
(602, 'dv lfmzbdevddtx t   ommmuul  jzfg  gutbr', 'www.ihttqknoze.com', '282-1177', NULL, 'vzcxo@ewjekfdcom', NULL, '2023-05-06 12:27:36', 60, 3),
(603, 'f fs cmrda fnuo u zw el  qiunqneqyw el y', 'www.kprzgzcdyo.com', '92104748', NULL, 'jjvnb@cgmqeebcom', NULL, '2023-05-06 12:27:36', 183, 1),
(604, 'ry tblkqml u pn yr xzc  lm psy ygi dcvu ', 'www.kpxvyjpldb.com', '9060310-', NULL, 'cpwyl@bxfxhhmcom', NULL, '2023-05-06 12:27:36', 30, 2),
(605, 'ncjf  lrwnbjhxhyex x dsskbhemra w jia lp', 'www.jqhvziqwmn.com', '-989-65-', NULL, 'gybtl@vzbmduccom', NULL, '2023-05-06 12:27:36', 118, 1),
(606, ' jt ikpgmspzyxcj anzli s aoza wp ikbvjnn', 'www.byyzwpzmvo.com', '86290-89', NULL, 'dnxot@vchrponcom', NULL, '2023-05-06 12:27:36', 81, 3),
(607, '  q kc p   phaar hfqgmg cc yym   g   ctr', 'www.kciopobmzm.com', '68306973', NULL, 'bfjpx@pixyuthcom', NULL, '2023-05-06 12:27:36', 129, 2),
(608, 'u    xnd x i ec oxcz pqk mrwojj uql p l ', 'www.oarlhdsocg.com', '75373783', NULL, 'ghohb@hfwoznkcom', NULL, '2023-05-06 12:27:36', 6, 3),
(609, 'lac l   i b j wvo wub hphzj  rqcwl  epne', 'www.gdtzvbgdhv.com', '478--819', NULL, 'fpwvn@njecgemcom', NULL, '2023-05-06 12:27:36', 170, 3),
(610, 'yvjx x  mtcfngpypmcb w  q  hjmt dai onr ', 'www.kbqdcjrmiq.com', '4942-48-', NULL, 'qxnnl@egykmydcom', NULL, '2023-05-06 12:27:36', 167, 2),
(611, 'vx l cgduajd  qv kcgfcizzk   pbj moz vef', 'www.ueojnklvfz.com', '15228165', NULL, 'upbod@zudkvgrcom', NULL, '2023-05-06 12:27:36', 133, 1),
(612, '  grmy fee qil np q ndyjd zbn  fu  mpgw ', 'www.mwbdqnqjrl.com', '43868--8', NULL, 'mhuzk@xjsqwilcom', NULL, '2023-05-06 12:27:36', 185, 3),
(613, 'j pk wlk nb lvlpaw c qsqo oz e prlrbwg s', 'www.lhobpexsja.com', '29871627', NULL, 'hnndo@edrhubzcom', NULL, '2023-05-06 12:27:36', 184, 1),
(614, 'ky dq   bs r    x  xb h pcj rvflr  uji j', 'www.cfoqdkftjt.com', '-971-392', NULL, 'axbun@rhojbebcom', NULL, '2023-05-06 12:27:36', 130, 3),
(615, 'gz etjeogbn to jtm szx johhirljs btw arf', 'www.lspeztitmy.com', '25761097', NULL, 'ienad@ybbzqfgcom', NULL, '2023-05-06 12:27:36', 84, 1),
(616, 'ho d dhnobpu ca t wp d au  ju jrpni v p ', 'www.fxymwfatvr.com', '-0606471', NULL, 'uitlz@viawmzbcom', NULL, '2023-05-06 12:27:36', 76, 2),
(617, 'n  wa e  u gntgm no  vaq  m ro ikmvoiy u', 'www.kbpleuokaa.com', '1-949875', NULL, 'evqgd@rpnficlcom', NULL, '2023-05-06 12:27:36', 73, 3),
(618, ' xjez yoqepv znaick wh be rl  plj  tes  ', 'www.xfpigsssdn.com', '05-55874', NULL, 'hvzvc@saaxgvacom', NULL, '2023-05-06 12:27:36', 92, 3),
(619, '  vi uyfyvly zwwnnu   ljckm   fnakq ptxq', 'www.caupnzbwqw.com', '29848669', NULL, 'rdxue@gkqmhcrcom', NULL, '2023-05-06 12:27:36', 151, 1),
(620, 'ygb tugl n xzo f abqbf b  c  gtlax t zzw', 'www.ncsxpttmgd.com', '27316204', NULL, 'uvktc@qxbkzhqcom', NULL, '2023-05-06 12:27:36', 79, 1),
(621, 'mx ihi ww zocjnnhruon  m hlonfrkdnoqt c ', 'www.aiwmglehrw.com', '-9162818', NULL, 'hynug@jejktdzcom', NULL, '2023-05-06 12:27:36', 164, 1),
(622, 'lt gh ml r  gpi  f   ve hng vukfqb uiu h', 'www.dqicnzzvjx.com', '4-563955', NULL, 'gnuuu@izhuctbcom', NULL, '2023-05-06 12:27:36', 102, 2),
(623, ' o  dwd azva u sr k otl  cwn y mlndefoxc', 'www.dqjotbkuwn.com', '64171991', NULL, 'igoba@vdwegfhcom', NULL, '2023-05-06 12:27:36', 174, 3),
(624, 'hd pkkpj oggtwhesu qi  c  lbdrvpbvtsoq c', 'www.sodpmpibzh.com', '5000279-', NULL, 'gbrws@hmvriufcom', NULL, '2023-05-06 12:27:36', 180, 2),
(625, 'xkfobjt ldyztobogx   j u  vzdn dzeuoxdg ', 'www.grxfjdxahm.com', '600844-1', NULL, 'vhehn@nuxrenicom', NULL, '2023-05-06 12:27:36', 129, 1),
(626, 'nb igcuzzf  ololw  byhqzgxnqesdbfuebtx u', 'www.ayarzpbhlm.com', '4-012339', NULL, 'datsa@yduhirrcom', NULL, '2023-05-06 12:27:36', 66, 2),
(627, 'xq f dnqolj krvxvmz rcnmofwdh yv q  grp ', 'www.ymxxnhjmrs.com', '8042567-', NULL, 'armtc@qppwbhqcom', NULL, '2023-05-06 12:27:36', 175, 1),
(628, 'u ocox   xi q  lfwsoj  srr  na ol mrxfsp', 'www.nclvftjfpg.com', '86482376', NULL, 'cepum@fwgcmavcom', NULL, '2023-05-06 12:27:36', 111, 3),
(629, ' ts m  oa   auiq kva xdpuqs  jkw  slfvyo', 'www.ybebqclbig.com', '17391739', NULL, 'diuai@gwonzuqcom', NULL, '2023-05-06 12:27:36', 50, 2),
(630, ' eyb   t kgnfw wwj  xp ujyr hz xdp udc b', 'www.lxhxlwcvzf.com', '-69-6130', NULL, 'kluao@flvrtsfcom', NULL, '2023-05-06 12:27:36', 56, 2),
(631, 'byflnzsqkzg zt m bo  wu   izfs hcriezbu ', 'www.egwpvgknam.com', '55--731-', NULL, 'ltycz@zioqfeycom', NULL, '2023-05-06 12:27:36', 147, 2),
(632, 'j  x  odsfe czfiqviwztjj nxm q nimo rgkg', 'www.gpexhboddg.com', '0535-814', NULL, 'ympss@stmjbrfcom', NULL, '2023-05-06 12:27:36', 86, 1),
(633, 'bfkua o le dty co iixavn waudm  mw  n  l', 'www.qwekwincwo.com', '52913-55', NULL, 'xvpzy@fxuaypicom', NULL, '2023-05-06 12:27:36', 146, 2),
(634, ' sqzgm xe wfwg j  votu yr  wa ffkyhg f f', 'www.wvkpddrxrr.com', '5445-022', NULL, 'kudbw@kjvwpjhcom', NULL, '2023-05-06 12:27:36', 11, 3),
(635, 'fjl c dgunavhlzvtlt yfi xww  k     vxi u', 'www.qmuhsoonet.com', '--93283-', NULL, 'mdclb@dncunovcom', NULL, '2023-05-06 12:27:36', 74, 1),
(636, 'exyfvlkd v bl   nd h  qgnxkr ldf  xw    ', 'www.bbhdgjaxkt.com', '-187027-', NULL, 'pvtcc@accsmvmcom', NULL, '2023-05-06 12:27:36', 77, 1),
(637, '  jm duvn f  d o x ewlna d db   kptmltif', 'www.tvxvgkltim.com', '875-9082', NULL, 'iulov@ufbjkzocom', NULL, '2023-05-06 12:27:36', 195, 2),
(638, 'avapd   aoymwjs zy iu  ut y  ojo uh qx a', 'www.ktrzoacxni.com', '08710095', NULL, 'gzoxm@bjrbrincom', NULL, '2023-05-06 12:27:36', 189, 1),
(639, 'ylmj qr cgiqeqp  xzkn m wryah dbahkt d p', 'www.mlrrxlzvzy.com', '94667-89', NULL, 'xjggx@ufdhwltcom', NULL, '2023-05-06 12:27:36', 68, 3),
(640, 'x p  tqd lqicjhua dbkga gikkdjefw  ss zv', 'www.bnroyzbzhx.com', '671-2759', NULL, 'pefzy@nzzeavmcom', NULL, '2023-05-06 12:27:36', 146, 1),
(641, 'w fq  gyyncqach wcgsxlzqzko lepc  bnf js', 'www.ihzyyvqyzi.com', '748188-8', NULL, 'qpuaq@thmkwmjcom', NULL, '2023-05-06 12:27:36', 163, 3),
(642, 'puj v q n t  l sxo n  i oq h tl  x  vdzx', 'www.iclnkrcboa.com', '0890569-', NULL, 'wxhbs@hpryzhlcom', NULL, '2023-05-06 12:27:36', 182, 1),
(643, 'nasfuhnne  crnhhwjyufmszgfztffyws ty d y', 'www.hrcvwzeolg.com', '-8001166', NULL, 'nqxxk@oswodrlcom', NULL, '2023-05-06 12:27:36', 74, 3),
(644, '  vaf    ara upfpf  mu a  oqzs  mp h  m ', 'www.kpdtlwlggk.com', '-6-19144', NULL, 'tcqrk@zbaweygcom', NULL, '2023-05-06 12:27:36', 117, 1),
(645, 'qx  ia kzeta tv c t tmzl ix j fxmx oqt c', 'www.keqsyacgts.com', '453-9376', NULL, 'yeodd@mzsupwycom', NULL, '2023-05-06 12:27:36', 145, 2),
(646, 'l idjsftm rnywpfmr h jx pl n   cnno   qy', 'www.qidcteuiww.com', '92477587', NULL, 'ifqbq@zamosaacom', NULL, '2023-05-06 12:27:36', 119, 2),
(647, 'ty an l oe vw juyc cnphgoz fqgjjj mw  me', 'www.dtabiqogvy.com', '60-678-4', NULL, 'vmikl@tirvxbvcom', NULL, '2023-05-06 12:27:36', 15, 1),
(648, 'a gjcvaoss yx wcjl  zhggvs ettj vdfmdsin', 'www.plywonctdi.com', '377--487', NULL, 'bzcto@qvaztkicom', NULL, '2023-05-06 12:27:36', 176, 1),
(649, 'zwz   k   mznrlvqnqvdcrmtkiyg uzs lf a z', 'www.btpjpeyhqy.com', '50204648', NULL, 'gvqzp@bonchgccom', NULL, '2023-05-06 12:27:36', 100, 2),
(650, 'ov z c ss qg r  dil  pvhyspilbquxgx k sv', 'www.otizjgyxdb.com', '54246437', NULL, 'ofalh@yyqahiicom', NULL, '2023-05-06 12:27:36', 178, 3),
(651, 'g v q ek  m ickwesn ou l i wde uutu fhsr', 'www.uquzuibymg.com', '90953445', NULL, 'zdsrw@vjxmoyocom', NULL, '2023-05-06 12:27:36', 112, 2),
(652, '  rss ored a cimm ljq r aa wvy  ub w kza', 'www.sxnbxslhvh.com', '34193077', NULL, 'hosjk@lcuwvrpcom', NULL, '2023-05-06 12:27:36', 107, 2),
(653, 'hyw jxtlhxwtzv r o t    yog dvjxvziqtc k', 'www.oyefzaeqhl.com', '56132--6', NULL, 'igbqo@kokutwocom', NULL, '2023-05-06 12:27:36', 112, 1),
(654, '  f jrsnonpxyhd v  w g egx zu i h s  cni', 'www.lvxkjohbap.com', '70433514', NULL, 'jsjid@ctnhwdjcom', NULL, '2023-05-06 12:27:36', 66, 1),
(655, ' bk ffsabdi  wcw e w f  cj  v rzo vqvzr ', 'www.epsxaaigeg.com', '82465474', NULL, 'ycsle@exbhjaocom', NULL, '2023-05-06 12:27:36', 11, 2),
(656, 'e   mb mff izf p rv m ni sp a tnsm f ks ', 'www.ojimpblaqo.com', '785-1913', NULL, 'dbfdk@xzhejrwcom', NULL, '2023-05-06 12:27:36', 111, 1),
(657, ' m q dgk   kegr j f   gglxnhi  ezvy  qe ', 'www.dzkbvjtqdr.com', '72167091', NULL, 'glmwx@kygecefcom', NULL, '2023-05-06 12:27:36', 153, 2),
(658, ' dwzepuyro rieqbpoipkntv oswoceu cy xlt ', 'www.hywkbzoenk.com', '1-197948', NULL, 'vfnoj@qmjxpmpcom', NULL, '2023-05-06 12:27:36', 186, 2),
(659, 'zolq yblejhovs ylp zi cjz drvjq   v  zyl', 'www.fqagvgglms.com', '203763-7', NULL, 'tanmu@vzwyeqocom', NULL, '2023-05-06 12:27:36', 2, 3),
(660, ' wmdfy jou  bynrz  ajz ql p  q upbfjoux ', 'www.uffszdsyss.com', '04935466', NULL, 'napqh@ylpuquxcom', NULL, '2023-05-06 12:27:36', 1, 3),
(661, ' ww vlu vr j hala b oq skunxatoex ekxx q', 'www.xhojcinusp.com', '-514-670', NULL, 'bmnkh@mrwojevcom', NULL, '2023-05-06 12:27:36', 42, 1),
(662, 'j diotulwvxxnvev v oxq  asrmz mhtba dsxr', 'www.ufbgmqmfbm.com', '20515520', NULL, 'sgchk@qlvrayecom', NULL, '2023-05-06 12:27:36', 121, 2),
(663, '  n hl zaaf yvis njeoup duhr spzc rabnlk', 'www.pgubjoiyvz.com', '15379332', NULL, 'bvdfe@kcsniklcom', NULL, '2023-05-06 12:27:36', 97, 2),
(664, 'ija  gzuyks nat ud wmh pwelkp b  al hbun', 'www.slgnpsbhql.com', '23218207', NULL, 'ughgu@clklcfzcom', NULL, '2023-05-06 12:27:36', 182, 3),
(665, 'sril fr  txhh ijv ewjgjj rmyd ivdbgteik ', 'www.hucqvisorx.com', '6035-243', NULL, 'faola@odfgbtccom', NULL, '2023-05-06 12:27:36', 85, 1),
(666, 'ogq  psfz  tqq bgnkt  wh okt fkn tiwli j', 'www.haxhlbkgyr.com', '937-5908', NULL, 'winlz@dgicjjhcom', NULL, '2023-05-06 12:27:36', 111, 3),
(667, '  vrtpdamwikm   lrclavljrlx  sei  u snjj', 'www.cawyfghine.com', '94762763', NULL, 'knnqy@doetypqcom', NULL, '2023-05-06 12:27:36', 118, 3),
(668, ' z cekiidwwusueiyh  osomi anq wm kgpvkp ', 'www.psxmoxizmk.com', '59377559', NULL, 'intcy@ktolwjtcom', NULL, '2023-05-06 12:27:36', 69, 2),
(669, '  bi  mieijhien  j  qtaoopk udlo uenlby ', 'www.nlaobgbplg.com', '4344-109', NULL, 'yorri@iwgkvsfcom', NULL, '2023-05-06 12:27:36', 25, 1),
(670, 'qnt  yvxrvv iqugacpzkq   hg  xbm w   rho', 'www.tbphawgsyt.com', '01193291', NULL, 'kxalb@recjbodcom', NULL, '2023-05-06 12:27:36', 107, 3),
(671, 'mrp tjbufd xa h  pwhyg sboa q q dnit r q', 'www.ierxkpoftc.com', '54736113', NULL, 'lwasg@oxxyjkncom', NULL, '2023-05-06 12:27:36', 187, 1),
(672, 'zbzvy wk iyila v pz  vc  shurubc urcv  s', 'www.vrjxsrigxi.com', '280469-8', NULL, 'hbeqk@zlflohicom', NULL, '2023-05-06 12:27:36', 123, 3),
(673, ' thmja fpolwlsoltayvfmmcuybkz  xrub ygx ', 'www.voipbkkfma.com', '954-5796', NULL, 'udixb@sprwghncom', NULL, '2023-05-06 12:27:36', 111, 3),
(674, 'oncsqjjiunniu  vbp zxgklvdd ukxtgtcm  ju', 'www.wuybipzhiw.com', '72905-29', NULL, 'hkehl@vlaqaezcom', NULL, '2023-05-06 12:27:36', 113, 3),
(675, 'tk  u fxly n rnmen   wpt  ahwglzf tmeqdd', 'www.rdvvizzapo.com', '14810503', NULL, 'vdktj@yyasjhhcom', NULL, '2023-05-06 12:27:36', 195, 3),
(676, 'ef   eb acuv    ymktb ch  u u t aaps a d', 'www.kohgmfsrvu.com', '31048430', NULL, 'miuca@davbezbcom', NULL, '2023-05-06 12:27:36', 97, 2),
(677, 'oixdcbtoyqbawezqakpdzflxi ihcze fvjcaa  ', 'www.exggjcomil.com', '71775125', NULL, 'ixmxe@dtdnvkkcom', NULL, '2023-05-06 12:27:36', 64, 1),
(678, '  y oqfrb g noxfplzzl   srtprkykynexnfps', 'www.rkogbeibbk.com', '08033373', NULL, 'jhhqk@fbqrqkvcom', NULL, '2023-05-06 12:27:36', 61, 2),
(679, 'oi mt vl cbq b p jf   keuiqi  l jaac vq ', 'www.kzbnsfkrlc.com', '763-0481', NULL, 'jejas@asjqkgqcom', NULL, '2023-05-06 12:27:36', 100, 2),
(680, 'z kvofl  k mjtilwbhbwbt sjola nqaupmmz a', 'www.rwwbjrphku.com', '68706848', NULL, 'somvf@frubeitcom', NULL, '2023-05-06 12:27:36', 90, 1),
(681, ' k eunbjj    x z lmcxlpd udo  ytxkzhf v ', 'www.qlclyqkxqj.com', '290247-6', NULL, 'kmwmh@bexkpdfcom', NULL, '2023-05-06 12:27:36', 99, 1),
(682, ' q h vp  d lmszhwbk qxh hnxc    hcx sefj', 'www.ozmybakmxg.com', '24484967', NULL, 'vvdwi@bmmkbuccom', NULL, '2023-05-06 12:27:36', 172, 1),
(683, 'm sn evc vnkjuojvh fzg gxaeebr pjufdkss ', 'www.pfnjvvhrse.com', '067773-2', NULL, 'vckal@pwnuedlcom', NULL, '2023-05-06 12:27:36', 119, 2),
(684, 'ykcjm gbuf mh  fpw wovypjjntkf      iqtl', 'www.bmtndxtafx.com', '7937-456', NULL, 'zyhsl@zgmemzhcom', NULL, '2023-05-06 12:27:36', 119, 2),
(685, ' vdpjkxltmzr lz crk l g sr syhdra obzwrv', 'www.xsxsghuwiy.com', '4247-65-', NULL, 'pfxxc@zousblecom', NULL, '2023-05-06 12:27:36', 31, 2),
(686, 'o l  vdjuycbl bt qrv   u vjzo ycw   mayn', 'www.caiqugzrxf.com', '47265592', NULL, 'dpyqk@ppvcegjcom', NULL, '2023-05-06 12:27:36', 100, 1),
(687, ' ld ygzz   d r v  k u d rr bpsl hdpqc iy', 'www.smfnuymcmi.com', '02303513', NULL, 'teemb@qazsvlicom', NULL, '2023-05-06 12:27:36', 97, 2);
INSERT INTO `company` (`id`, `company`, `web`, `tel`, `fax`, `main_email`, `address`, `registed_at`, `country_id`, `type_id`) VALUES
(688, 'ovc tb  s  tjlqf  wvxzf  tdjmjpy d  itl ', 'www.aiidlhsjdl.com', '4442-858', NULL, 'urebe@vwxdefscom', NULL, '2023-05-06 12:27:36', 166, 2),
(689, 'l    p bm sv vclxuovnebevzj r gw  cdkczi', 'www.akgquwrsal.com', '305564-7', NULL, 'wbftj@gvlxhcpcom', NULL, '2023-05-06 12:27:36', 50, 3),
(690, 'youac   jbpkuic d  zi  gl t jwr r   uwdx', 'www.qghxtjhtoa.com', '5-007436', NULL, 'pkcfe@zwndnitcom', NULL, '2023-05-06 12:27:36', 139, 1),
(691, 'szue  mek ulgv h iqfmg bg    bitns tw lf', 'www.slvomdbris.com', '02864-94', NULL, 'tnybh@eytjeuecom', NULL, '2023-05-06 12:27:36', 90, 3),
(692, 'ucwjkxiuq smdpa fsefaviqm ffeeyep apiy z', 'www.rqbnepzqdv.com', '8748929-', NULL, 'gliyg@lucedywcom', NULL, '2023-05-06 12:27:36', 23, 2),
(693, 'u l hbybvvixmqik  svguohr auz dwr i y  z', 'www.hlqpmiqrqa.com', '57869-95', NULL, 'ngamv@nctbtrncom', NULL, '2023-05-06 12:27:36', 64, 3),
(694, 'syvuurzh nfgjamjc cgwz  slx od  n       ', 'www.npdxzlfmsa.com', '77186702', NULL, 'hoinq@uumcsptcom', NULL, '2023-05-06 12:27:36', 93, 1),
(695, 'saq  qjbx n  eeu bdfcx    n  oqpnkqtmk p', 'www.pouugcxogh.com', '507-9792', NULL, 'mzbtx@rxkipcjcom', NULL, '2023-05-06 12:27:36', 58, 2),
(696, 'u hjhg d  levdmflbjuespb  v syf  ldcari ', 'www.ytvxruyxwg.com', '67587-89', NULL, 'btsyd@rdtjocjcom', NULL, '2023-05-06 12:27:36', 79, 3),
(697, 'clt le   pyy foiaxtti t z  lyk cp skin o', 'www.eudyuqbfvy.com', '068-5145', NULL, 'okque@epwxosmcom', NULL, '2023-05-06 12:27:36', 105, 1),
(698, 'ofk fkpv   jt znvjzu i e i  ntywaa dgjqf', 'www.rothnvwgwq.com', '11225204', NULL, 'uvunb@cioqwowcom', NULL, '2023-05-06 12:27:36', 152, 1),
(699, 'hurz nhbxjwejmu x n   v he rg v wgtr   s', 'www.fsuzhezmqt.com', '32478956', NULL, 'jgdiz@pqwoblucom', NULL, '2023-05-06 12:27:36', 81, 1),
(700, 'ulo  l   czjfwa n z fy u   os   j uff  q', 'www.bfhztxwtng.com', '54191352', NULL, 'lzljh@rhwqchjcom', NULL, '2023-05-06 12:27:36', 73, 1),
(701, 'otmsi  y  emfd qdcsiw kmkm   emi gep  nl', 'www.punbkwjeca.com', '1238-054', NULL, 'nnbqm@yzpimcscom', NULL, '2023-05-06 12:27:36', 6, 2),
(702, ' p  sqpazilmyl kalu     xsxvvupxhlx pl  ', 'www.jtrlszalvi.com', '16467518', NULL, 'lifdz@avzdadtcom', NULL, '2023-05-06 12:27:36', 8, 1),
(703, 'llwygm njdo vwvq brom z vrwa l mwb jjhuh', 'www.qtldfceedd.com', '5717832-', NULL, 'ojjwb@zgdvdhwcom', NULL, '2023-05-06 12:27:36', 6, 3),
(704, ' aoa d  s mlvp  lt  cevrv  adzk c q fnwo', 'www.ddlfeagibk.com', '10168659', NULL, 'dflmv@ymlyqhocom', NULL, '2023-05-06 12:27:36', 76, 3),
(705, ' lrjm  m n vb pvrymekof   jbo  jn icvqqt', 'www.unmwsywtmx.com', '05991358', NULL, 'sknck@jpdhjbwcom', NULL, '2023-05-06 12:27:36', 188, 2),
(706, ' tgp  iiibdgycyqpt vhhdan  xvqtp fm  r i', 'www.ypydsaxrwr.com', '71095908', NULL, 'xafvd@fmlnivacom', NULL, '2023-05-06 12:27:36', 91, 1),
(707, 'uxxp qzeos  tafrtwgnq r  az  gadzqluvfbt', 'www.cobdczwryq.com', '16399-80', NULL, 'gzynd@sfqkapvcom', NULL, '2023-05-06 12:27:36', 151, 2),
(708, 'q zdbho bdti ouu  ils r  pr wpo wcy  itt', 'www.owskcazqht.com', '6292853-', NULL, 'crdiq@swfswybcom', NULL, '2023-05-06 12:27:36', 96, 2),
(709, 'kwbqghyukmg i u ubwu  wnbt q jyd i o enw', 'www.pxcliycbuq.com', '51599264', NULL, 'luvnq@gnhseuacom', NULL, '2023-05-06 12:27:36', 148, 3),
(710, ' h  bnopxl ntsuhyqx  rotkndeyl aqm d eak', 'www.dufmnqikng.com', '166-7023', NULL, 'zeajt@irjnvvqcom', NULL, '2023-05-06 12:27:36', 71, 2),
(711, '   z ly mqr    yfmyi   r  kohllscgs nptr', 'www.stxkcrqtym.com', '03943349', NULL, 'mzaag@dqxiukmcom', NULL, '2023-05-06 12:27:36', 5, 1),
(712, '  ac ajay dzk c ti omwd mvwac n  pb btx ', 'www.swjyeydzsj.com', '93319605', NULL, 'vyiwr@qyqmsezcom', NULL, '2023-05-06 12:27:36', 58, 2),
(713, 'gfeq leo bdhl brbr r mh j yvghc rrlk   h', 'www.wkqvkitkvo.com', '-9597300', NULL, 'vksvs@ctsvjbucom', NULL, '2023-05-06 12:27:36', 194, 3),
(714, 'vg aq rrd  f tvu st vh f bjx  hmwbn  xwa', 'www.cytzikrfah.com', '80-449-2', NULL, 'feted@rjniqabcom', NULL, '2023-05-06 12:27:36', 134, 3),
(715, '   k vemez g  llkbpz d  drfkqyq m irh   ', 'www.cammqzikal.com', '1-690479', NULL, 'kspro@yxmlgttcom', NULL, '2023-05-06 12:27:36', 193, 3),
(716, ' qpo  z      n jaw  hfxzzst vnh zvi iuug', 'www.stqaiearpj.com', '782079-4', NULL, 'huiqk@inlaonbcom', NULL, '2023-05-06 12:27:36', 124, 2),
(717, ' b   cbix mfe b wwcdw fibis  qxqwchjavva', 'www.fksxapnqxp.com', '360616-8', NULL, 'uusdz@iaskkfqcom', NULL, '2023-05-06 12:27:36', 37, 1),
(718, 'f  n b pzz rm  dp yhpmgd joox   pyv wkg ', 'www.bgvinlxpwk.com', '9959--97', NULL, 'egfdf@vdpnsvkcom', NULL, '2023-05-06 12:27:36', 187, 2),
(719, 'snloshtrc c ak z  rgp gpu jy awk hom lzq', 'www.oxwoxdxqcw.com', '502-6850', NULL, 'zcren@ppyvbpzcom', NULL, '2023-05-06 12:27:36', 125, 2),
(720, 'u xragr fhtvim    mwvn nq  tblfm odyyvpa', 'www.qonornbnca.com', '24--1653', NULL, 'wdlxp@otosmbzcom', NULL, '2023-05-06 12:27:36', 124, 3),
(721, ' t  ddlj  z iqxv la ypwkyooksvk onmsbd y', 'www.trdaevvnpo.com', '0-976575', NULL, 'wwakr@bzciattcom', NULL, '2023-05-06 12:27:36', 24, 3),
(722, 'ydinig in ztopyrjfy cvmh  n ghgqkl bvjvl', 'www.fnbpuabgok.com', '14716696', NULL, 'miima@aomoazwcom', NULL, '2023-05-06 12:27:36', 31, 1),
(723, 'uu tstihl kjsktyjlfz   hld rtj lv fsstrb', 'www.dslwftghdy.com', '6-34-735', NULL, 'exkxw@ujbydgvcom', NULL, '2023-05-06 12:27:36', 98, 2),
(724, 'tz yz hyj rplw iycbg    neyqhxpmj  d   c', 'www.tzsbzbhhvt.com', '-062-8-1', NULL, 'cwaba@dymclhvcom', NULL, '2023-05-06 12:27:36', 103, 2),
(725, ' t ca   jjpepiuu lr  u znzmqywsosjnvyh  ', 'www.gusgvmbcam.com', '36521875', NULL, 'sxssk@uxxkukjcom', NULL, '2023-05-06 12:27:36', 135, 3),
(726, 'nnbplrpird d clctww o  fmp jz ywzqwsm  k', 'www.jhrtjdjtpr.com', '884--881', NULL, 'elnac@tamjcuycom', NULL, '2023-05-06 12:27:36', 35, 2),
(727, 'uvi rmvp ovx c zjisx hxncmkka azzfizzay ', 'www.wsyoejtmct.com', '40617485', NULL, 'xxmcm@mlabmyxcom', NULL, '2023-05-06 12:27:36', 39, 2),
(728, '   qzmfazjwi vk waysgp  ea qyslft egbghk', 'www.zybkpwpmtf.com', '87961210', NULL, 'vlqab@okoiexmcom', NULL, '2023-05-06 12:27:36', 165, 3),
(729, 'ahwomygzqw noqnsoajz  j ld    cs  drigi ', 'www.aihfakgjag.com', '8860358-', NULL, 'omcqo@rggwsxhcom', NULL, '2023-05-06 12:27:36', 49, 3),
(730, 'dhe   uu djz   wfqf tvbbvc u  oz  s rr m', 'www.xqdutwxcqc.com', '36180780', NULL, 'fzyhc@quuilbacom', NULL, '2023-05-06 12:27:36', 122, 1),
(731, ' zlv c   vos skvyu  e ybgrn kdudj j   iu', 'www.khizqhllao.com', '62631467', NULL, 'yrird@yuzdmancom', NULL, '2023-05-06 12:27:36', 154, 1),
(732, 'rj  eupn py  fkfuj fmslq    ndg ao uim  ', 'www.xofzzgpqim.com', '274280-8', NULL, 'upvvn@gznjuizcom', NULL, '2023-05-06 12:27:36', 55, 2),
(733, ' sgaytrxi z opfzsd      i l   yzuaozl r ', 'www.dpnwnijvty.com', '74626880', NULL, 'ynxcf@ibdbezmcom', NULL, '2023-05-06 12:27:36', 67, 3),
(734, 'p v adac  mkckub eetfj qn u  qh jak fyqb', 'www.vmllsyxuxe.com', '43007615', NULL, 'cgcqb@gpruysocom', NULL, '2023-05-06 12:27:36', 5, 1),
(735, '  jepzx xjzabkm snb    wor pflgv fxnag o', 'www.odkojxyqvj.com', '582-2901', NULL, 'fwvdv@awrckzhcom', NULL, '2023-05-06 12:27:36', 24, 3),
(736, 'ct svrxl  i tuv vdevq l a  w rdw ht  dmb', 'www.foyfsfebwz.com', '2647-994', NULL, 'zapax@bktqmercom', NULL, '2023-05-06 12:27:36', 18, 1),
(737, 'o mxn cj   kmr nwp bkxlxa oa x ych   e h', 'www.vqktsbrcpm.com', '62252104', NULL, 'nzyjx@usrvesncom', NULL, '2023-05-06 12:27:36', 148, 2),
(738, ' l vxc rlozcd mhbrh  c aryubzas iow j kv', 'www.qqnwkeqtkq.com', '02442026', NULL, 'yzmct@ptwxzufcom', NULL, '2023-05-06 12:27:36', 150, 1),
(739, ' arn jc qrx lmi ewglkjtosj  vqbwpl r asp', 'www.zvxyjdriid.com', '3-175789', NULL, 'cjafy@bihjflecom', NULL, '2023-05-06 12:27:36', 98, 3),
(740, 'ns   r oq dvejbe   ak bj u y vullci    n', 'www.ekgnsmkciu.com', '0-101824', NULL, 'grabh@tkzrkzvcom', NULL, '2023-05-06 12:27:36', 170, 1),
(741, 'zhc o rkln  un ektpctffc snz   o  km  j ', 'www.zolwqfbxkg.com', '53354-23', NULL, 'abczv@eyghkracom', NULL, '2023-05-06 12:27:36', 118, 2),
(742, ' g o   fe dptl ek wtul  znfkii dhp lfnav', 'www.jwdfbahymt.com', '06927238', NULL, 'vqdta@eekrdfucom', NULL, '2023-05-06 12:27:36', 193, 2),
(743, 'lrtb c lw taj k  rs v jsxn qquc wcrqp  n', 'www.szvoejajvr.com', '22239136', NULL, 'mcpju@isuxbkwcom', NULL, '2023-05-06 12:27:36', 171, 3),
(744, 'dg   qzo h zivkqakesiiia  d orl j te  qk', 'www.bdjnhnmjzu.com', '62933331', NULL, 'ytjyt@pjppxwmcom', NULL, '2023-05-06 12:27:36', 109, 1),
(745, 'xo wj yywpq  nn  m rw y rheew  sdkvhyayp', 'www.skqutgdmlb.com', '42595221', NULL, 'phmbe@nlnlvgqcom', NULL, '2023-05-06 12:27:36', 7, 3),
(746, ' egbdbpdmnla newictvlialkur bvltsxelqbjz', 'www.ljjtpglukn.com', '-2284863', NULL, 'cdrwg@wzmrtwxcom', NULL, '2023-05-06 12:27:36', 176, 3),
(747, 'gbpntxzzvgma  cnrzc  l iu  satlppcehxmsd', 'www.xsfmvddwzt.com', '72550927', NULL, 'cmsge@fytqqflcom', NULL, '2023-05-06 12:27:36', 101, 1),
(748, 'bvi  g  frhwcclp w oyhs htm lbxyjdpxn dr', 'www.yqawyttxlf.com', '72183856', NULL, 'todbv@pwnfgdtcom', NULL, '2023-05-06 12:27:36', 98, 3),
(749, 'j cj  seu   f asl sl  b mdgpmh  o   had ', 'www.xdojfvcmau.com', '33912410', NULL, 'rzdja@epbsqeocom', NULL, '2023-05-06 12:27:36', 65, 2),
(750, ' eo  gnkz cu  wc h jjb m phohx zq rzury ', 'www.hqvdeyvkam.com', '28709-99', NULL, 'tkgyt@azxjzlvcom', NULL, '2023-05-06 12:27:36', 121, 1),
(751, 'dvyzhjlvgwb e v hfk  dh fyzvva gy t ett ', 'www.zbwcmsmmqq.com', '3-832328', NULL, 'jsltd@jusiveicom', NULL, '2023-05-06 12:27:36', 19, 3),
(752, 'cu   crakgejxucqj jp s q  q  leul n hrk ', 'www.dpjajpxtmj.com', '9515495-', NULL, 'xpsia@mrkwklwcom', NULL, '2023-05-06 12:27:36', 145, 2),
(753, 'j h zp  rztojqrr  fg qw k hziost    tzrd', 'www.njitfyxuwy.com', '2---041-', NULL, 'cwmhi@kszxxwkcom', NULL, '2023-05-06 12:27:36', 169, 1),
(754, ' qm pmdusgoxmevqiitdtyqp  n wvjpj  t   l', 'www.tltupapemw.com', '750852-6', NULL, 'ewqzu@kltauuqcom', NULL, '2023-05-06 12:27:36', 71, 2),
(755, 'cyuxkblv a f  eh   vk qanevrnlp  le  fxw', 'www.mqvynhhkep.com', '91623567', NULL, 'hdejo@bwqpjovcom', NULL, '2023-05-06 12:27:36', 127, 3),
(756, 'ehelm t uybvzdxzq  z z bvc ng vlzb lpiiu', 'www.mioqjeeagw.com', '3-51379-', NULL, 'fqzlc@cypshbscom', NULL, '2023-05-06 12:27:36', 81, 2),
(757, 'bxgg wv rs r   p q  cj e  yn  frx zpgpcv', 'www.uxsqmcgidy.com', '88100964', NULL, 'tbxyr@tnnvqepcom', NULL, '2023-05-06 12:27:36', 135, 3),
(758, 'spwbcufy ishan  nno zrprhq   okovy ytq  ', 'www.smkqwdbiiw.com', '95052-13', NULL, 'kgrvo@kjurylqcom', NULL, '2023-05-06 12:27:36', 173, 2),
(759, ' rbqje   i cropyj ingfudq vx nqe bgoxve ', 'www.jksnktkrhy.com', '56162204', NULL, 'uuimk@waymfbecom', NULL, '2023-05-06 12:27:36', 45, 2),
(760, 'py i ykqfwj mf hkt f eg wl sotjyldg tgzn', 'www.fvaavielrf.com', '8-309913', NULL, 'dxxme@zabdtnbcom', NULL, '2023-05-06 12:27:36', 169, 3),
(761, 'owtqjrj qqalnqd cfhokdu  uhvpbhbioujy ce', 'www.rzepxdrxth.com', '54595052', NULL, 'ajnzg@aiocntkcom', NULL, '2023-05-06 12:27:36', 113, 3),
(762, 'muo t wqjx bxex o qdo  kmmwphyad pfuew  ', 'www.jxldmisjfa.com', '81105028', NULL, 'kkxek@aujgtozcom', NULL, '2023-05-06 12:27:36', 159, 3),
(763, 'agvcct g q etbu bwc mvt jmwq t bt w o ks', 'www.zeziegwlea.com', '28691905', NULL, 'nkppg@ectkthqcom', NULL, '2023-05-06 12:27:36', 84, 2),
(764, 'v  ozzkhx  qvunh  n v js w  ww ne e  m y', 'www.savuzwqsvp.com', '3469814-', NULL, 'pyqpb@mjlleclcom', NULL, '2023-05-06 12:27:36', 126, 1),
(765, '  pa  vhpmz   rit tot v  bcbh  dt  mbsm ', 'www.nhjysjlrwb.com', '10-45530', NULL, 'wdcxm@lplrjdwcom', NULL, '2023-05-06 12:27:36', 49, 3),
(766, ' m tyz  dbx  hcmefien j aylrm hlnkoi hvx', 'www.hxakxtunuo.com', '32738654', NULL, 'kcikh@hxexddccom', NULL, '2023-05-06 12:27:36', 77, 1),
(767, 'c pgwbqayct tciua ovs kc v lcxq  dxus k ', 'www.cogwlznsdp.com', '05768991', NULL, 'eatlt@dxhtpkpcom', NULL, '2023-05-06 12:27:36', 111, 1),
(768, 'tz xdlxc j tiqikdckgt  bltk nwr  wbak se', 'www.czxmaxvhno.com', '51573051', NULL, 'mtwri@rdbtloucom', NULL, '2023-05-06 12:27:36', 83, 1),
(769, ' n   qqxegkwrcx e fiy p  uavvuev ch  lzj', 'www.udwaonxlgx.com', '55739903', NULL, 'urwnb@gakbvyucom', NULL, '2023-05-06 12:27:36', 113, 1),
(770, 'ajbq   p hwmsnfki   vlxil qpvxpgvdz bto ', 'www.zhbdkkscis.com', '75766746', NULL, 'cyujf@gxacvincom', NULL, '2023-05-06 12:27:36', 86, 1),
(771, 'v u cz xaer yn  vx  f dvf l hd di  ndir ', 'www.cdhagriakd.com', '6914-33-', NULL, 'uwwpq@xbdrldpcom', NULL, '2023-05-06 12:27:36', 154, 3),
(772, 'gypgful ms jiciljgh jtmm j bn jx hs  dt ', 'www.svvxvtwrmw.com', '14582250', NULL, 'uygfe@ybkexkpcom', NULL, '2023-05-06 12:27:36', 71, 2),
(773, 't  m zx  iwx   t yde ku zy wy   wchuozn ', 'www.gpgmbrpogq.com', '3270293-', NULL, 'xpqgd@slpgrlwcom', NULL, '2023-05-06 12:27:36', 48, 2),
(774, 'xgdvvu   n x z awx ataslx jrydv  hrt sl ', 'www.ajmqdxyzvi.com', '62401126', NULL, 'mxkjl@yiscpgicom', NULL, '2023-05-06 12:27:36', 162, 2),
(775, 'nm gh xncekfhz  yvr  dzl gjd b  ucczb x ', 'www.uttnyguzpz.com', '383-3503', NULL, 'vwyrw@jdvpsxicom', NULL, '2023-05-06 12:27:36', 163, 2),
(776, 'ggnzf  u    bk hqeri  mvexq zch yo    nr', 'www.cemoufplvb.com', '57827165', NULL, 'eudrd@oiihlztcom', NULL, '2023-05-06 12:27:36', 23, 2),
(777, 'ck bhyah vgtyisaxg qnwke op iq kqux s  g', 'www.iggidynwla.com', '-7149--4', NULL, 'zswrq@yfrtbgkcom', NULL, '2023-05-06 12:27:36', 4, 2),
(778, 'bxfzmym ux oxy o   mc rok    fd ft j mju', 'www.tlhxkzwbki.com', '21-45-3-', NULL, 'rnehl@vmokeabcom', NULL, '2023-05-06 12:27:36', 141, 1),
(779, 'dh btddw pokiihujffuy sxve plvrnco   ex ', 'www.hhlvjefeag.com', '76316318', NULL, 'pudxc@zfpilgmcom', NULL, '2023-05-06 12:27:36', 45, 2),
(780, 'u ko agn bzz h xnlqumajhiwhmnyca hxb muw', 'www.vmchcwqwow.com', '3-64364-', NULL, 'ewyfs@aszlksdcom', NULL, '2023-05-06 12:27:36', 55, 1),
(781, 'kdmlp qjn kcrwdplj yps  kflk bvfsh  sclu', 'www.rfejoyoiyr.com', '6818-047', NULL, 'udxbx@gqvbslwcom', NULL, '2023-05-06 12:27:36', 145, 2),
(782, 'lh qfxeuh eeimfhthba  p xaozuc  x  gcxbb', 'www.tujhnrddkv.com', '86428073', NULL, 'bhgjd@htdptlrcom', NULL, '2023-05-06 12:27:36', 13, 1),
(783, 'qaob vhsdvwv d rksxjawzrx takqkg gp q f ', 'www.lyvpsadwma.com', '27117914', NULL, 'ysvlm@txcvyeccom', NULL, '2023-05-06 12:27:36', 150, 1),
(784, 'flha  psriz xvg wilsgqxn aup dmlz rqlae ', 'www.eujjoqwkft.com', '55731005', NULL, 'dhyjn@wvllneocom', NULL, '2023-05-06 12:27:36', 32, 3),
(785, 'f xm t atrmkzp  u  zzrmvveb rhau lgyxqnt', 'www.ptcjlxeixv.com', '42193-6-', NULL, 'hvgvu@lnsdkkacom', NULL, '2023-05-06 12:27:36', 156, 3),
(786, ' b  iqcc p tjtp    kyvqj   idn  qt q zl ', 'www.ssjkzdbfrx.com', '66758505', NULL, 'pqlwu@llgvkwucom', NULL, '2023-05-06 12:27:36', 172, 1),
(787, 'n  my pwmavhaxubusuj njpcoq btfqqx huzbe', 'www.oqzfmevhga.com', '34-75267', NULL, 'jkosi@bopxcppcom', NULL, '2023-05-06 12:27:36', 118, 1),
(788, ' si  jxb keh jpm jkq kyzecqachx   jk w  ', 'www.pjgufpgoia.com', '0403-500', NULL, 'ufusk@hirwkyecom', NULL, '2023-05-06 12:27:36', 71, 2),
(789, 'oag jrjlczxbroh   qidc h  j pmz  pil  le', 'www.ujcjjpiycx.com', '29421476', NULL, 'isxlr@bhchjdlcom', NULL, '2023-05-06 12:27:36', 113, 1),
(790, ' papy o kyt fddsfa w peql dg yhopr zl gw', 'www.lldgtaievo.com', '1720-865', NULL, 'stpdb@fcqdtvhcom', NULL, '2023-05-06 12:27:36', 131, 3),
(791, 'erce ze j  uk uu t prnzhf  k auennbeeonz', 'www.pehqyxvvoo.com', '735642-7', NULL, 'tnkpc@vbknzfvcom', NULL, '2023-05-06 12:27:36', 150, 3),
(792, 'ix rybl mvkumo pqobwjc  dn  xa nahsshayc', 'www.eoklmcjbvw.com', '-7457419', NULL, 'wcfvy@voinnsgcom', NULL, '2023-05-06 12:27:36', 44, 2),
(793, ' na pos  iferrnexuw u cu   qr id gvw jro', 'www.bjkkoegbzq.com', '908090-7', NULL, 'ogzwc@pfkswqfcom', NULL, '2023-05-06 12:27:36', 127, 2),
(794, '  lywwr  mw hl  zux ht z  zwhhtfgw y kn ', 'www.pjeydybjcu.com', '76198184', NULL, 'dbqoi@wphcrykcom', NULL, '2023-05-06 12:27:36', 125, 2),
(795, ' nbf fme byq  d fepxx aayetjdrgihag babt', 'www.ydiereqwuc.com', '4843514-', NULL, 'qiavc@ennvaaucom', NULL, '2023-05-06 12:27:36', 141, 3),
(796, 'r s    wcs yf v e peoz k cz cdxumhiwv hf', 'www.vkplrrojuv.com', '86558050', NULL, 'gvjis@hbnegthcom', NULL, '2023-05-06 12:27:36', 64, 3),
(797, 'am mgynjsmpd ydj yzny wuhuvswqqhqn fjha ', 'www.uidvcaeyct.com', '64224315', NULL, 'yofrx@goxyxazcom', NULL, '2023-05-06 12:27:36', 189, 1),
(798, 'i cpo pt x zonltvnwptpkwxdy px  n  xwd j', 'www.vveidhqynk.com', '36-30293', NULL, 'fmipr@zyfnjqccom', NULL, '2023-05-06 12:27:36', 109, 2),
(799, ' yoatfp riax  qb ev eopnnhyevew f c kzi ', 'www.hvpvsabnjd.com', '12007254', NULL, 'pdwsw@izlriedcom', NULL, '2023-05-06 12:27:36', 99, 3),
(800, 'gbdz  wgfyamrx zhgyovcir jenwaqmhgquq  y', 'www.cyumpdgjhy.com', '737637-5', NULL, 'japsk@pmuvsolcom', NULL, '2023-05-06 12:27:36', 83, 2),
(801, ' jx hy k lokmkyuvcojz   zgi ut chli   v ', 'www.zowwjmebqp.com', '97438005', NULL, 'uhqbi@uqjoizncom', NULL, '2023-05-06 12:27:36', 133, 3),
(802, 'irtb cvdje d   wsgmbr   ijyn g k o no wv', 'www.fnczpahkgt.com', '63-41-30', NULL, 'jrjnf@oejlkplcom', NULL, '2023-05-06 12:27:36', 32, 3),
(803, 'nk b z j  zq  beshgpzrixfdn  d vp mtkdk ', 'www.ujgekiczce.com', '9091-94-', NULL, 'tskih@lxhmhapcom', NULL, '2023-05-06 12:27:36', 106, 1),
(804, 'zpeo ptws  fue mxzlw ba u h  labshtlsqwg', 'www.grjgeoagpq.com', '-5531785', NULL, 'yxrbq@uqcggyccom', NULL, '2023-05-06 12:27:36', 70, 2),
(805, ' b b   d   n t j v x z bshl   uszqsm hly', 'www.falabjlhlz.com', '57534825', NULL, 'zthku@sxrnlpkcom', NULL, '2023-05-06 12:27:36', 64, 1),
(806, 'yl fsgws  e dfq doon lpsdk qpdjf e pkxcb', 'www.ngrnrukcoj.com', '49816901', NULL, 'qspvj@yctdbaocom', NULL, '2023-05-06 12:27:36', 134, 3),
(807, 'yuig czaapuosmsg ftn   xbd quggj igzm   ', 'www.xinaordbov.com', '01-95299', NULL, 'tptwr@fdjjquecom', NULL, '2023-05-06 12:27:36', 126, 1),
(808, ' uf l  dam a xbwlpzet vvrrppbffl h wjbba', 'www.fykemuobwo.com', '72743918', NULL, 'xaduv@ndtjibjcom', NULL, '2023-05-06 12:27:36', 98, 2),
(809, '  ijkutwmjs hkwdzd hqf zysd iq b  jgenxw', 'www.qpjxwfsikb.com', '-0-74475', NULL, 'xjddu@gffxnodcom', NULL, '2023-05-06 12:27:36', 102, 2),
(810, 'la  yall bdlg  ipenfnxv  y dhvnp k otzm ', 'www.jcidnioast.com', '74545215', NULL, 'tnttf@ekmphibcom', NULL, '2023-05-06 12:27:36', 16, 1),
(811, ' jpyz gsxzcqyqb fwwzrjaxjqpg   bdk njbay', 'www.jsrpuqakok.com', '39--2799', NULL, 'xnwyj@gtiaeqgcom', NULL, '2023-05-06 12:27:36', 169, 1),
(812, 'zpqcisp  lufiga    fld hszeq md rk  m c ', 'www.vgjulficis.com', '71028454', NULL, 'wbugk@wyfpwwvcom', NULL, '2023-05-06 12:27:36', 144, 1),
(813, 'dn lg v wp  pafdzojsc  o  fo p zucwlpagw', 'www.gnjiyphkma.com', '-1697975', NULL, 'ypwac@qchcnwmcom', NULL, '2023-05-06 12:27:36', 58, 2),
(814, 'vr  usf ibu  aa  dc womu ainryz  g fwk w', 'www.nxwzxgzqal.com', '89-72053', NULL, 'nkqsh@ozubyvzcom', NULL, '2023-05-06 12:27:36', 49, 2),
(815, 'muwk mw tqu nlo vk    zw  t  ztetmedqzvd', 'www.hshvylxagn.com', '9636375-', NULL, 'ftpkc@gdwptvocom', NULL, '2023-05-06 12:27:36', 179, 2),
(816, '   pql fis nxs f b g gj nvw  u rxpdz hb ', 'www.ibanxjlvlw.com', '846-9053', NULL, 'ioeeh@lijbxixcom', NULL, '2023-05-06 12:27:36', 41, 3),
(817, 'v  zhalrjqop m   cliwsrqnckb c wjdao veh', 'www.umslguojpy.com', '623581-7', NULL, 'ephqo@lnoqbwqcom', NULL, '2023-05-06 12:27:36', 116, 1),
(818, ' m boy td u grvu  dg sebn  tuvsrf h hrth', 'www.skurkntehh.com', '5--844-7', NULL, 'mhutu@ekcujddcom', NULL, '2023-05-06 12:27:36', 87, 3),
(819, 'u  urm pb t   cha v zf w ut h yp ytkm   ', 'www.aotpjcsqqd.com', '755816--', NULL, 'xbdqs@wksyqdecom', NULL, '2023-05-06 12:27:36', 16, 1),
(820, 'm  zea xmxwfry rkjmhbmyyc ak xdqbjnrhxiu', 'www.yeqdsghkmz.com', '80413983', NULL, 'qwelf@qurcglmcom', NULL, '2023-05-06 12:27:36', 102, 2),
(821, 'ejr qoaodr uoy    obpw thqcfo xwomzjbwgq', 'www.altrzuwxci.com', '824-75-6', NULL, 'qdbet@xxapxbicom', NULL, '2023-05-06 12:27:36', 154, 3),
(822, '  u   mxe  vzo xsr wfkq y  kwmtsdyuvvu m', 'www.bikpgrwkel.com', '0-80-085', NULL, 'lhosl@euvzddjcom', NULL, '2023-05-06 12:27:36', 160, 2),
(823, 'xzzt  hiwoz  rgdcsptd m  rjqnjp  ko k  h', 'www.pogusgomgx.com', '92687396', NULL, 'ebazd@wmnvygdcom', NULL, '2023-05-06 12:27:36', 158, 1),
(824, 'yf a i mu iir   gb     n h ufv k tmmwe o', 'www.dokbryermv.com', '-9647-66', NULL, 'kmlwh@uahozvkcom', NULL, '2023-05-06 12:27:36', 117, 1),
(825, '   kt  d qtf  nw  jxqefv yw   vnana qrx ', 'www.jfidpnxrxv.com', '90-9199-', NULL, 'ezgnb@amxuurdcom', NULL, '2023-05-06 12:27:36', 130, 2),
(826, ' cbk rerl l xaonzuu e vhjuegue nyvmg   z', 'www.oylclafgdh.com', '8-0--7-8', NULL, 'xngmc@ahieyrmcom', NULL, '2023-05-06 12:27:36', 167, 2),
(827, 'e  bx s onwyjg  pskj opkqlekpuxramlptb k', 'www.rezwubqwgm.com', '0524030-', NULL, 'vyhez@zrazghdcom', NULL, '2023-05-06 12:27:36', 64, 2),
(828, 'z pw     a  ulqpbgxew a  boohtq r imq cm', 'www.svicqyudml.com', '37826681', NULL, 'woual@qwkgtnacom', NULL, '2023-05-06 12:27:36', 11, 2),
(829, 'bi eieh edwop d fop   h py zvkq   oqqot ', 'www.bdzxaxxzct.com', '85301314', NULL, 'afroo@vqarjkxcom', NULL, '2023-05-06 12:27:36', 31, 1),
(830, 'lm  v v eokncznwq osbq xighdli kiqc m v ', 'www.gjirvxnlme.com', '-117-093', NULL, 'atkha@ewjwwnccom', NULL, '2023-05-06 12:27:36', 169, 3),
(831, 'ui mbndn cwnwppglg bv k m vyky k  bw n d', 'www.joybwxaxfh.com', '2178-919', NULL, 'mlopd@exqmfvbcom', NULL, '2023-05-06 12:27:36', 157, 2),
(832, 'v hn j xa sevxs o nz m  vqecchyut z  xsw', 'www.qzkkjahwhq.com', '9-634-88', NULL, 'wtpkr@xzbwpzpcom', NULL, '2023-05-06 12:27:36', 4, 2),
(833, ' oycm nxs ceh mhoo fo b w nfx  yoy  asmv', 'www.wrhhmoyfas.com', '87524271', NULL, 'awzrv@bgxglincom', NULL, '2023-05-06 12:27:36', 56, 3),
(834, ' krp zo kqbs  dgjqd   ta sduiuyz  jplf  ', 'www.icoreivcac.com', '13011-85', NULL, 'akgci@bxbtkjgcom', NULL, '2023-05-06 12:27:36', 49, 3),
(835, 'v tbrfgfxddajdeup kp  sa ieb fj mp   gkp', 'www.cqdhsfxjbr.com', '86255103', NULL, 'vahqp@atinifgcom', NULL, '2023-05-06 12:27:36', 145, 3),
(836, 'fnjv  mvigu qn nmft ehbpn er d loo x um ', 'www.fqzinudmlk.com', '22633928', NULL, 'mmths@hxqgonhcom', NULL, '2023-05-06 12:27:36', 150, 2),
(837, 'v c ms bq    hc  xgdk mvelznas  azmlss j', 'www.ndpigbsjzx.com', '5-4--820', NULL, 'smbwe@ypjygdvcom', NULL, '2023-05-06 12:27:36', 120, 3),
(838, 'khieywhpd mgf    b qe  b  qviciqs u azw ', 'www.jjxpkawtes.com', '81298781', NULL, 'zaqfj@ngrmzxpcom', NULL, '2023-05-06 12:27:36', 28, 3),
(839, ' mnipl  qnihs xyaw  amhiifr wnembm z c h', 'www.mxelbeofky.com', '393787-5', NULL, 'qfppe@arurcwccom', NULL, '2023-05-06 12:27:36', 33, 2),
(840, ' podpsgu  bkrhrs zc qgc  kvvj rj y  uwx ', 'www.lubifuzxtv.com', '48280582', NULL, 'lkhen@qefseiqcom', NULL, '2023-05-06 12:27:36', 159, 2),
(841, ' q jwmyn rfsbiuehyqi rbbkskafc rcdx l bb', 'www.xnqntwipns.com', '30-52891', NULL, 'rksdm@ubrwstncom', NULL, '2023-05-06 12:27:36', 74, 2),
(842, 'gayzvio a  qkyc r  eh  s  g m  k ursjjsd', 'www.qhdgzprxxe.com', '41933-75', NULL, 'vaome@ynrhdxbcom', NULL, '2023-05-06 12:27:36', 8, 3),
(843, 'ap za mi ph voeezvuzmhxf  agoq bfl ykfhg', 'www.yzvodxroir.com', '57-06986', NULL, 'mliie@hkroexycom', NULL, '2023-05-06 12:27:36', 73, 1),
(844, ' oid  ug du  csw tjz glh pyj esofg mmb f', 'www.fpkbyuqjfd.com', '562852-6', NULL, 'uesdc@brapuiccom', NULL, '2023-05-06 12:27:36', 17, 1),
(845, 'gyjy kc megzw  hvp r o xmaytdkhrqxy   gq', 'www.vbqlkijrfn.com', '35230947', NULL, 'uurbk@akrxqtvcom', NULL, '2023-05-06 12:27:36', 190, 3),
(846, 'jtbfozd  ixy  t nlbn sv pxatw    srdzvkg', 'www.jjlkvzbxse.com', '3722-665', NULL, 'tgqbu@laicirkcom', NULL, '2023-05-06 12:27:36', 20, 3),
(847, 'o hux  fljx en bj wlzeuddc ma kfqjrxyfk ', 'www.souvblpjwu.com', '2-20750-', NULL, 'hvhzk@bevcrvecom', NULL, '2023-05-06 12:27:36', 162, 1),
(848, ' kj  sfpb vyqgb hjudw  ewpzyhakl  cn cdy', 'www.wnbpendepo.com', '7255-158', NULL, 'egkqy@sessnabcom', NULL, '2023-05-06 12:27:36', 139, 3),
(849, 'icbk du r n    v wq gtibpc vj  mq zw  wz', 'www.vqjiourybp.com', '01-84882', NULL, 'vrxaz@uqwnzvxcom', NULL, '2023-05-06 12:27:36', 156, 3),
(850, 'jxizk   kewsrd  qo ns r  pcbb t z pmbqd ', 'www.hevghtfbtf.com', '76-1-351', NULL, 'nsmsf@zvcxlmocom', NULL, '2023-05-06 12:27:36', 98, 1),
(851, ' xzs rh  yiymb zs t  e s wmc yd ta tausd', 'www.sciwkfwbcu.com', '60799275', NULL, 'ilkpy@iscaujhcom', NULL, '2023-05-06 12:27:36', 114, 1),
(852, 's j ucrfa  eqi lh gk r q  ookzkkkpwxvfk ', 'www.pafgfyubmq.com', '274316-0', NULL, 'pzlij@ixzifcwcom', NULL, '2023-05-06 12:27:36', 148, 2),
(853, 'xd  m  rz  i dza hcjc xcvy lsa dersk rm ', 'www.csjmfjtohb.com', '-3250226', NULL, 'fyjzl@ozoqckxcom', NULL, '2023-05-06 12:27:36', 79, 3),
(854, 'xiyfcqszl a oaf f regbly xa i plcgoh  ai', 'www.wzxcpqtfag.com', '3252-105', NULL, 'ajduo@nfaicujcom', NULL, '2023-05-06 12:27:36', 102, 2),
(855, 'khpydg qpn qmf zvnslnidau zf x bhj gxi j', 'www.tafyiipojx.com', '15877111', NULL, 'uivxv@bnzbxflcom', NULL, '2023-05-06 12:27:36', 159, 3),
(856, ' lapeu  xr dfcdw crqe jc zwg  zvu g  plr', 'www.jdetqyvoiw.com', '30525280', NULL, 'jspgt@fzcahlvcom', NULL, '2023-05-06 12:27:36', 9, 2),
(857, 'mr  ch e  zk hjzrp gf n p azfl cigwmyjai', 'www.veefnekocc.com', '3-289958', NULL, 'qtgbo@qiiypfvcom', NULL, '2023-05-06 12:27:36', 91, 3),
(858, 'ix  rn zfla  xyl yuwwee lymdkh xnu  j  b', 'www.gsanyvxpxc.com', '76453273', NULL, 'duojg@msxkttycom', NULL, '2023-05-06 12:27:36', 181, 2),
(859, 'rhoj  lgkg h nkuo v    l inz xt q xqb vi', 'www.gcxhxlniip.com', '53318027', NULL, 'smpni@kzqwktjcom', NULL, '2023-05-06 12:27:36', 66, 2),
(860, 't u yz g  q s  aiu  p uy   en  dd pb pbx', 'www.ryqjrtzdzq.com', '11873533', NULL, 'aemzk@ymhmnrecom', NULL, '2023-05-06 12:27:36', 140, 1),
(861, 'tt u fckcl uvexcocvynpj vhb funf n dtjhx', 'www.qyylcwedjs.com', '-5541354', NULL, 'wzcca@esdapwtcom', NULL, '2023-05-06 12:27:36', 149, 2),
(862, ' y kallaphdbazbves oqfg   uk  eqsqxpxzk ', 'www.argazhhcja.com', '65785489', NULL, 'izlff@haljucrcom', NULL, '2023-05-06 12:27:36', 113, 1),
(863, 'o tj  kxg wyjf  tsan vxqvfgckzrqq n vjrp', 'www.urjxcutjrx.com', '29110394', NULL, 'qxesl@bxgiikbcom', NULL, '2023-05-06 12:27:36', 79, 3),
(864, 'yf may qjdgrqr lm ojzlfkc  g g obadxomwc', 'www.lfxagxpzqg.com', '63--5952', NULL, 'qexvu@ikkzdgwcom', NULL, '2023-05-06 12:27:36', 101, 3),
(865, 'mit     b uh   vd zumt utr nvofhjnstftey', 'www.xjoconfyzp.com', '45596081', NULL, 'jmgfa@wbqzrutcom', NULL, '2023-05-06 12:27:36', 92, 2),
(866, 'gljo fspldzu pj at ba   gfen    mp  zs a', 'www.dbfuufojrs.com', '90636961', NULL, 'vkzaj@rtnpqjkcom', NULL, '2023-05-06 12:27:36', 32, 3),
(867, 'y pi    hylsap i   jjzm xe  tq njgw lnig', 'www.fdcyczyhaa.com', '668407-0', NULL, 'gupfi@dgqtsnncom', NULL, '2023-05-06 12:27:36', 117, 1),
(868, 'h oq sfl  ktcfsgdc iakgozdxiyis apjrlktg', 'www.oydzlxbkfd.com', '55731508', NULL, 'cpisv@ppfxprscom', NULL, '2023-05-06 12:27:36', 142, 1),
(869, 'frjk gmfn ce ds xaegy vd  a  m  t jr mga', 'www.umtljkyqqh.com', '8467-515', NULL, 'iidig@dppnokucom', NULL, '2023-05-06 12:27:36', 154, 3),
(870, 'uweu  hlalnlm irpar xtvxwpytob  pu qy oh', 'www.byprzigvpx.com', '23691186', NULL, 'dpcla@hkhpcvwcom', NULL, '2023-05-06 12:27:36', 99, 1),
(871, 'qypi t uilgn gzrourxut rea nafoxoswakuub', 'www.ilxykkzsfi.com', '84028533', NULL, 'tcopn@ttwvonqcom', NULL, '2023-05-06 12:27:36', 120, 2),
(872, 'yeauszq lvpzhbiz v snjn  hry qm md guao ', 'www.faihxciksn.com', '98072415', NULL, 'mgmbb@grxqibzcom', NULL, '2023-05-06 12:27:36', 112, 2),
(873, 'mxt joejogwsqef  aiuzhi  ayoekjhukjs uyp', 'www.brxmrmdrpa.com', '5196951-', NULL, 'vawfe@mripgiacom', NULL, '2023-05-06 12:27:36', 1, 2),
(874, 'k t pfbyefqp bj qrtt gxkc bocfdvsp p s t', 'www.joitjomejl.com', '96228229', NULL, 'acjzl@yydfctwcom', NULL, '2023-05-06 12:27:36', 86, 2),
(875, 'yrvq trhndwqh sazghp b idyvdjtlb oqfuvfm', 'www.vvgaifzjpl.com', '43661316', NULL, 'zdfod@zmrznvxcom', NULL, '2023-05-06 12:27:36', 61, 2),
(876, 'ee xowbmw pi cw rkynayosiror mmj bjbeead', 'www.vpdonmoaiy.com', '22696220', NULL, 'tcdrt@nuyqjipcom', NULL, '2023-05-06 12:27:36', 120, 3),
(877, 'toydtr    esnutt v j rm  y v qv tmme sxj', 'www.ogjzmivddv.com', '1142-488', NULL, 'vzjiw@gqtpkyocom', NULL, '2023-05-06 12:27:36', 133, 1),
(878, 'wsl wlyxbkhf d gmr iq oufjy  pe  wij oi ', 'www.cwqcdxkzgm.com', '25978615', NULL, 'jaatg@shjgfnncom', NULL, '2023-05-06 12:27:36', 24, 3),
(879, '  z j rjv  uc r dgqplokrpmmtnioaxkx     ', 'www.pccmqyitiq.com', '85-10803', NULL, 'pdpai@jeothqgcom', NULL, '2023-05-06 12:27:36', 120, 3),
(880, 'eorm  onrpn eit  xg  ni   dzetcgwdchfixq', 'www.boqbtestbb.com', '66409178', NULL, 'kvvlo@ftecceccom', NULL, '2023-05-06 12:27:36', 174, 2),
(881, 'jzz i o   c gsfwteq kkefb f w    zcr r b', 'www.ippvzqjveg.com', '04028579', NULL, 'giobk@nahjahccom', NULL, '2023-05-06 12:27:36', 58, 2),
(882, ' swh v  ahi vxdtzon xi   apwuzfuxa  whuq', 'www.bedeollpbo.com', '-6456563', NULL, 'asnzh@jcaztsjcom', NULL, '2023-05-06 12:27:36', 183, 1),
(883, 'gf rudtvzz   xj t ks  xe a  yhe  sksl  x', 'www.dyikruukwv.com', '67--2591', NULL, 'cysxm@nvnhwpycom', NULL, '2023-05-06 12:27:36', 164, 1),
(884, 'z  fx   zxk b   dc  yvy   kmsonpcxjy l  ', 'www.ezvjreyfta.com', '18605544', NULL, 'afopm@bjndyffcom', NULL, '2023-05-06 12:27:36', 41, 3),
(885, 'drpcqhwqgygadjsy wlxt n le z k ipif w l ', 'www.wlspptucdv.com', '38771684', NULL, 'zcnax@tknbghtcom', NULL, '2023-05-06 12:27:36', 156, 2),
(886, 'p sgfvcjoux pcv mbqdyp p  ady gc  fr xr ', 'www.jtxtorndaf.com', '70620064', NULL, 'ocljd@sxjxxancom', NULL, '2023-05-06 12:27:36', 176, 1),
(887, '  hg  fg v lgyr cgpmxf l lkxyv m lfdl bv', 'www.aqtikkvtwi.com', '27886633', NULL, 'xxqho@vyqrcsxcom', NULL, '2023-05-06 12:27:36', 151, 1),
(888, ' ibj  wvzmsz eiyck upc  w    rwzcgc  r y', 'www.kpgwmlibpw.com', '47505630', NULL, 'bpado@irippancom', NULL, '2023-05-06 12:27:36', 186, 1),
(889, ' lm hn aqutlkiqocc  x v axk  jbhovlaa b ', 'www.thaegnektm.com', '113678-7', NULL, 'aplib@dxalmzkcom', NULL, '2023-05-06 12:27:36', 39, 3),
(890, 'm s pxxat sn vzk a b bac tvz xkgckvplmik', 'www.decwhxyyah.com', '71040174', NULL, 'fdoim@damygbwcom', NULL, '2023-05-06 12:27:36', 190, 1),
(891, 'f wq e zpmc ezcthh ewy whjsouv f y  r mb', 'www.skgmkslesc.com', '797-3896', NULL, 'lirct@jjoeqdecom', NULL, '2023-05-06 12:27:36', 6, 2),
(892, 'f ww ngq ohdqmz b  usvggy no uzqlo z bwz', 'www.ucnkjhwtre.com', '71293681', NULL, 'wwlow@vnltpsgcom', NULL, '2023-05-06 12:27:36', 101, 2),
(893, 'ae xndjn pkgcc l yywp  ftldpup  i   w vj', 'www.vpmdjxlfwk.com', '301078-0', NULL, 'nmxki@aaksbbzcom', NULL, '2023-05-06 12:27:36', 136, 2),
(894, ' uj   ja wqllwzkzn js ammj fdh  b by va ', 'www.ehgntjxbfh.com', '14830332', NULL, 'mfyck@fzzfiwhcom', NULL, '2023-05-06 12:27:36', 163, 1),
(895, 'nhmbovtvi l envh waxufio de  d vld ei sc', 'www.sojmqfioju.com', '044422-4', NULL, 'fpxyq@oknwdhpcom', NULL, '2023-05-06 12:27:36', 94, 1),
(896, ' mk org y z  kr t kzwq yejt f v  xpsk f ', 'www.ijkdittten.com', '94873819', NULL, 'prenu@voyhllacom', NULL, '2023-05-06 12:27:36', 189, 3),
(897, 'k i e o a   fsbxhg zcxazikibynoff  hy iu', 'www.qerhufpixz.com', '37-5519-', NULL, 'dwbbz@zbawziucom', NULL, '2023-05-06 12:27:36', 67, 2),
(898, 'vx  s icex dpbj hir drzurfo y byjmrolt w', 'www.lkybumnsoz.com', '51797653', NULL, 'kriaw@rzgpuijcom', NULL, '2023-05-06 12:27:36', 178, 2),
(899, 'etvrqd zx n f im  rgcf nk   gzowp  x tb ', 'www.xaowvddgag.com', '80449332', NULL, 'hhojq@xiuwvbucom', NULL, '2023-05-06 12:27:36', 146, 2),
(900, 'loprw lgvxclcvw dgvn  qji k pn oss aa  p', 'www.rptgsusdhv.com', '--476571', NULL, 'xfoeh@czifajncom', NULL, '2023-05-06 12:27:36', 161, 3),
(901, ' hrxlxfpndgq dhi dgzhj  wdzm r o djhr xo', 'www.leiqhudzqj.com', '89562315', NULL, 'yisox@oskgwyecom', NULL, '2023-05-06 12:27:36', 2, 2),
(902, ' wi wwegtsyga  z  h wh ovhufoc qmydddbv ', 'www.gwlljcspsy.com', '056-4543', NULL, 'gtobv@tggaetucom', NULL, '2023-05-06 12:27:36', 27, 3),
(903, '   lhbw  uhj v wvt  l zom i u tt bk p dv', 'www.joiygxcmip.com', '37844400', NULL, 'ekwcy@qgsxmgwcom', NULL, '2023-05-06 12:27:36', 84, 1),
(904, 'h   oi rntj p c ppmhpejxsjvpgjtatx wv ul', 'www.qffmjsfele.com', '15765650', NULL, 'eiitz@ozerldbcom', NULL, '2023-05-06 12:27:36', 74, 1),
(905, 'hgkpcv xb  i j m zay  yqeg phsgyf    nu ', 'www.urnbioecmf.com', '940260-4', NULL, 'tcsed@hahdkcscom', NULL, '2023-05-06 12:27:36', 87, 2),
(906, 'u s  py xjtozmhxj xkkbj m mzw orn ddjaqx', 'www.yxybzqilcr.com', '475787-3', NULL, 'lemuc@zuqehcncom', NULL, '2023-05-06 12:27:36', 181, 3),
(907, 'mlkdva tk  nmizvhf snmhl axetwk v lbrsg ', 'www.dwxrfwmlyc.com', '0940-556', NULL, 'tphxb@ibihfkfcom', NULL, '2023-05-06 12:27:36', 167, 2),
(908, 'lhhiblh   w noyw qg eo piqtqp i u f vddh', 'www.rfnpfnvfnp.com', '61824264', NULL, 'wqmha@ecthtwacom', NULL, '2023-05-06 12:27:36', 187, 3),
(909, ' odpipa  vl  zxskvrmy h f owinwbszyoqa p', 'www.btrblahueq.com', '78946582', NULL, 'qxbqg@kocqvfgcom', NULL, '2023-05-06 12:27:36', 121, 1),
(910, 'pyf ja  qra  biinljw l  gp pc ef g kckq ', 'www.zuehfeebvl.com', '47077805', NULL, 'kjpti@uevlalacom', NULL, '2023-05-06 12:27:36', 97, 2),
(911, 's u g lchldbjo gwyqwyt c  zzxsmy lmtl y ', 'www.xtusnrkhbw.com', '24619132', NULL, 'zfsqt@gcxjivmcom', NULL, '2023-05-06 12:27:36', 135, 2),
(912, 'zqevvrhbeodw li b cmmae ucaats v bgr x  ', 'www.jdgmitsbys.com', '82286315', NULL, 'deaiq@bdwljzrcom', NULL, '2023-05-06 12:27:36', 193, 3),
(913, 'imtevd kqi ke   rcbbysks m  dhycyt ie ld', 'www.coyhiixmzk.com', '870-2038', NULL, 'qinay@vrtunkwcom', NULL, '2023-05-06 12:27:36', 50, 2),
(914, 'glc   ne   mb  rt vnns  jn i dnasfemkeea', 'www.qksxfirxle.com', '648-412-', NULL, 'vmnbe@iidgardcom', NULL, '2023-05-06 12:27:36', 13, 2),
(915, ' g  ppobsvj b mirq  yzobb qgtfa ojetm lc', 'www.mpcrlrclwc.com', '01860998', NULL, 'doxsk@nbobgdncom', NULL, '2023-05-06 12:27:36', 111, 2),
(916, 'mwjohgcmlmgtnj oq h q  iukj  kosgjibav b', 'www.fcwgtdznya.com', '-7-75777', NULL, 'vtleg@cxtiecfcom', NULL, '2023-05-06 12:27:36', 152, 3),
(917, 'gxaw r ce q qoi f  dki g knamwm n eebcdk', 'www.rhhrjjiphr.com', '82994906', NULL, 'fiajr@xuzlrbwcom', NULL, '2023-05-06 12:27:36', 80, 3),
(918, 'ehcnwbpq m xm gzyauv ah    nos medjili  ', 'www.lgqqbahbkz.com', '64057366', NULL, 'wvsdk@prufvahcom', NULL, '2023-05-06 12:27:36', 13, 3),
(919, ' luhgigpt dh evwxtb eew syltspnm ub  rfo', 'www.occeouafnj.com', '1186-393', NULL, 'pljwd@idoublvcom', NULL, '2023-05-06 12:27:36', 95, 2),
(920, 'ayb xtgsx  k s jqa nyzw ehhaf  nwiejtmzd', 'www.gnxgktjwip.com', '-02927-9', NULL, 'sfpqn@vwumndmcom', NULL, '2023-05-06 12:27:36', 56, 2),
(921, '  t k gcezoflzutfyqcdt tff    h  ix  fdr', 'www.phzwtvxafo.com', '52367047', NULL, 'arfhn@ihqcjljcom', NULL, '2023-05-06 12:27:36', 36, 1),
(922, ' yz gyiymu tcpd   q wlo  eohhrede yq omp', 'www.phqygjhuyn.com', '99935956', NULL, 'rllau@shnlgjfcom', NULL, '2023-05-06 12:27:36', 89, 1),
(923, 'jqffrd g gid wau v mfc ew  zvekulpga zaw', 'www.pvgnwvyfyv.com', '89171536', NULL, 'opxif@nwzwdkbcom', NULL, '2023-05-06 12:27:36', 194, 1),
(924, 'm  el nk  udh  x hayh wokwq oy   o nvm w', 'www.tigujiefxv.com', '01248020', NULL, 'chwjr@esjfvdtcom', NULL, '2023-05-06 12:27:36', 86, 3),
(925, 'ywnkxyw   etm  xnhbl h b  ba mii fmcr p ', 'www.zlmlqhnpxc.com', '34073147', NULL, 'ygpip@bquvomdcom', NULL, '2023-05-06 12:27:36', 168, 3),
(926, 'f bk m c f ibhn xsgsb luoenp gwdbif dxfe', 'www.sntnuvwydw.com', '64835939', NULL, 'fzvio@dtiedqrcom', NULL, '2023-05-06 12:27:36', 177, 3),
(927, 'uiupjyharcwtfzxwvogknznmet  ptek zm ginx', 'www.wfjatrlwuj.com', '16-69115', NULL, 'owdlw@xnlhgclcom', NULL, '2023-05-06 12:27:36', 120, 1),
(928, 'w pl ttle qjsojx ogg io  sdflskdp bgxrpp', 'www.mrmfqzhmie.com', '1470-156', NULL, 'czlpy@rufbsqhcom', NULL, '2023-05-06 12:27:36', 119, 3),
(929, 's sxyzkwi  pulihsjsd bepbzb gvxcnvra    ', 'www.wixcwkiuzx.com', '60--26--', NULL, 'qlotc@zdtsnsocom', NULL, '2023-05-06 12:27:36', 39, 1),
(930, 'pk bzjkpgxdgv  oqr  f  von jws h  kytwgg', 'www.yedamjugrl.com', '-3645026', NULL, 'bhyps@tiglgodcom', NULL, '2023-05-06 12:27:36', 116, 1),
(931, 's c  tk cln pynml mw ao j gwfi s p ozrrf', 'www.mjbbrocath.com', '61093975', NULL, 'uuadt@eycomzwcom', NULL, '2023-05-06 12:27:36', 24, 1),
(932, 'upuhunef vdram t  pqque vv qvvb mzz   ob', 'www.nhovnhdlob.com', '-948-058', NULL, 'hqfni@soacovccom', NULL, '2023-05-06 12:27:36', 41, 2),
(933, 'bu qkg aq   nei t seoek qgvvnmacaa bcayo', 'www.qqhobgfgzm.com', '88152555', NULL, 'ibgap@ipsxqpecom', NULL, '2023-05-06 12:27:36', 113, 3),
(934, ' s om wiriymxfl zgubaw lwxv u kta y p mn', 'www.dblgtocsiq.com', '33109675', NULL, 'lwndm@eakpkpkcom', NULL, '2023-05-06 12:27:36', 115, 2),
(935, 'q   dqc paneo kzrioxm  uyvfxh r  orbz  v', 'www.kgrwepfvib.com', '-867-126', NULL, 'xnvhv@hdrdqgscom', NULL, '2023-05-06 12:27:36', 188, 2),
(936, 'csinuj  u ods i  ww z ap w  qamil  ke pk', 'www.pgbwmzlxui.com', '--374712', NULL, 'hwemp@xurxjnicom', NULL, '2023-05-06 12:27:36', 55, 2),
(937, 'wlxdbajp hkgi ahyvzuqafn u kfk i  pmtopl', 'www.kqoehguhct.com', '087--332', NULL, 'hhemk@msgbhsjcom', NULL, '2023-05-06 12:27:36', 66, 2),
(938, '   pcdwo  p dilx    r ql sscxtc  iksh  s', 'www.keiqjcjqlw.com', '500-5306', NULL, 'pbfzw@ydbcidecom', NULL, '2023-05-06 12:27:36', 22, 3),
(939, ' rpgiz dbk izs ai  dzloc  dvz c ny ha   ', 'www.xabyewkiar.com', '68-11291', NULL, 'crbki@tgeuktmcom', NULL, '2023-05-06 12:27:36', 93, 3),
(940, 'hr bmyftdn w lhl zkupgzgvv k  qc qclvcow', 'www.khzjswvruc.com', '5136960-', NULL, 'tcpnl@gifsiybcom', NULL, '2023-05-06 12:27:36', 39, 3),
(941, '  bkarbw g djtipmjqooids e cpo snut   cv', 'www.rtmixuhxzs.com', '29168785', NULL, 'iewpu@lndrxnccom', NULL, '2023-05-06 12:27:36', 61, 1),
(942, 'xn ewgwm  d y dcpfz outtjh gqp kclwx  xc', 'www.plzpygjwzl.com', '6-4165-1', NULL, 'yablj@ttpeikecom', NULL, '2023-05-06 12:27:36', 39, 1),
(943, 'zvcxsqv edixzn cw o icspzy   utg i mpwnx', 'www.uasqzfnxem.com', '8-680225', NULL, 'ptigy@arxpsvgcom', NULL, '2023-05-06 12:27:36', 145, 2),
(944, ' toy  n csmi oelj   do tbqf o drwmk k h ', 'www.qlcfyycuyl.com', '909559-4', NULL, 'msfxl@eeejmfkcom', NULL, '2023-05-06 12:27:36', 36, 3),
(945, 'onsbx  ce bbfdt n  qr  nk  rx qcrc ltgsw', 'www.uhlkqzsfus.com', '63877798', NULL, 'wgdwh@cqdslrwcom', NULL, '2023-05-06 12:27:36', 193, 2),
(946, 'rc  eu gxd qmybmzq naq d  k kjxm ba sd o', 'www.ebrvuujfxv.com', '30745836', NULL, 'nvwjo@zecrwrjcom', NULL, '2023-05-06 12:27:36', 51, 1),
(947, ' s hul atkzsjn x domcpi  zzill s odall  ', 'www.vyntqnjtae.com', '860339-9', NULL, 'fbkpn@swkgsqfcom', NULL, '2023-05-06 12:27:36', 143, 3),
(948, 'c jn omgngenhwik tbjfc  gk d v  bw qqeyx', 'www.cvhvwyvdzf.com', '-9548-88', NULL, 'kvpsv@hanvyuecom', NULL, '2023-05-06 12:27:36', 166, 2),
(949, 'd avroj  u p ibj hfvuacodb ry ga f  c  u', 'www.vgufvumojo.com', '90255326', NULL, 'vscwk@wvmnllhcom', NULL, '2023-05-06 12:27:36', 75, 3),
(950, 'pxv g d   i grw qwxxql  eqsvqsmwihbbg   ', 'www.saseltgqrq.com', '73046847', NULL, 'dgqok@dkhjsincom', NULL, '2023-05-06 12:27:36', 158, 1),
(951, 'upetmghj  nf zagbtebs ct zr ezqrr rh fdf', 'www.odrtfadaxj.com', '4-2106-6', NULL, 'rhcwg@kwjdswhcom', NULL, '2023-05-06 12:27:36', 194, 1),
(952, 'jdtnr kqjavrnv  wiezxs peva e av vu pygz', 'www.mmotrerqlg.com', '38-68896', NULL, 'pvabr@ciueaogcom', NULL, '2023-05-06 12:27:36', 113, 2),
(953, 'rxsxcm     dqjtm  h wflvwg zbhs  tm  qia', 'www.etvywaiyib.com', '58651636', NULL, 'eceyd@fqzyrbfcom', NULL, '2023-05-06 12:27:36', 91, 2),
(954, '  pkpnjcprbenckzjnes fr n jcpm  oojhy vr', 'www.uzkceujyxc.com', '9-0-5028', NULL, 'qjbiq@glfwstrcom', NULL, '2023-05-06 12:27:36', 157, 3),
(955, 'fy jr  rbf drbvghozlkdu  er    nvuotda l', 'www.dbtoghxjin.com', '090849-9', NULL, 'kptcb@tceqlfecom', NULL, '2023-05-06 12:27:36', 117, 1),
(956, ' d pm  qo wnahzex tjwnko djnpj n vvobmt ', 'www.pngfrqvfdp.com', '27735275', NULL, 'zmdlf@cljjgkfcom', NULL, '2023-05-06 12:27:36', 113, 2),
(957, 'ikvorc mf bgqbpdmnz  mmlt  pyb hte bml a', 'www.ukidqsupuo.com', '5626-805', NULL, 'xfsee@jywntbwcom', NULL, '2023-05-06 12:27:36', 123, 1),
(958, ' fxw  skcexpk areibj adjd r zkyrjjsxnh k', 'www.zjlzmobtra.com', '1068-793', NULL, 'sdmak@cgwodwkcom', NULL, '2023-05-06 12:27:36', 195, 1),
(959, 'j  fldim    dueyxl ytq kbhj  fx vhvc   v', 'www.mbmyrvgdib.com', '631-9981', NULL, 'iclbc@jdhgcsccom', NULL, '2023-05-06 12:27:36', 57, 1),
(960, 'rdaudsuu tlxsyswci bcyh k xomkpcv  h  rn', 'www.hdfhjxbidp.com', '4246-175', NULL, 'ucqon@ozxilxacom', NULL, '2023-05-06 12:27:36', 88, 3),
(961, 'e w fvtcyk m i lvrrlsaupjq  u  gc  wh cn', 'www.xcjwkhhfmy.com', '63954637', NULL, 'unzoz@ilcmfypcom', NULL, '2023-05-06 12:27:36', 88, 2),
(962, 'umlg  wjijprj saqlieqe  n b   w faebpdoh', 'www.hhrzyooyow.com', '68404978', NULL, 'zrfns@cmwmrslcom', NULL, '2023-05-06 12:27:36', 162, 1),
(963, 'fzs k  qridnz wa q qbj   f   xlx  q   e ', 'www.lixtiwbjge.com', '9-896552', NULL, 'mwvgo@zslmcpicom', NULL, '2023-05-06 12:27:36', 38, 3),
(964, ' hr wyvtbmd yrutn n em wg dnwq  pfylisdu', 'www.dxfsyopskj.com', '30235136', NULL, 'kldil@cmeufoucom', NULL, '2023-05-06 12:27:36', 99, 2),
(965, ' gcp s rcsi vmvzss ki vi b rfdc   op  lf', 'www.tyekwnscgl.com', '52956326', NULL, 'rotcd@bwnxhiacom', NULL, '2023-05-06 12:27:36', 97, 2),
(966, ' h o qlcf svczw  ug gwy zeychkgyfmpobfkx', 'www.fexvnmkers.com', '16290693', NULL, 'xhmon@ezgbuwqcom', NULL, '2023-05-06 12:27:36', 159, 1),
(967, ' fyijdc  yodpbe b y kutn lan z  g bob le', 'www.pmzmckvoih.com', '48318179', NULL, 'ufwty@abvlkdpcom', NULL, '2023-05-06 12:27:36', 5, 2),
(968, 'dgx n   a  d d bfvxxrwb m  iugbaki t edd', 'www.fayarbcyac.com', '82210431', NULL, 'ecbai@ytotisdcom', NULL, '2023-05-06 12:27:36', 48, 2),
(969, 'lx kkouu brc smarsjzpc w  kvo kpbgs muhu', 'www.wcuetweiox.com', '09135105', NULL, 'iubxl@toycemmcom', NULL, '2023-05-06 12:27:36', 53, 2),
(970, 'q tl twzw p k wxnma wc uidk  y  x  grg c', 'www.rqccphwgwg.com', '95694062', NULL, 'buixg@qxcrgxicom', NULL, '2023-05-06 12:27:36', 164, 3),
(971, ' oo y  qbigd  as  b  dufiboi o tmvjqun y', 'www.jhzerbeahb.com', '49766608', NULL, 'hlifd@kywmiczcom', NULL, '2023-05-06 12:27:36', 89, 1),
(972, 'n hn r  wpi  sss xnqeyppxmsxmojwl  sou h', 'www.muopppndle.com', '66--9049', NULL, 'zxozs@nssyrqdcom', NULL, '2023-05-06 12:27:36', 3, 1),
(973, 'yz s go y n mza zc q ndp blbo ztqp f xex', 'www.egdybkworw.com', '2682966-', NULL, 'ujoqu@xswajdxcom', NULL, '2023-05-06 12:27:36', 93, 3),
(974, 'tor  nrdj    ujjqv m qtcbbkcxbpuz   voo ', 'www.khqaotjmqd.com', '81134842', NULL, 'vumnp@waeintkcom', NULL, '2023-05-06 12:27:36', 131, 3),
(975, ' df  ddd  blxhm exfzbfwkwggf  mpbea ajye', 'www.dlaskjauic.com', '38718421', NULL, 'upwok@bbmitwucom', NULL, '2023-05-06 12:27:36', 177, 3),
(976, 'whpaj w k    ef r aft  h  krcmsv   nr ts', 'www.hasxgwxziq.com', '20083244', NULL, 'kckma@rxzvysucom', NULL, '2023-05-06 12:27:36', 13, 2),
(977, ' lifbnf w gyb  lx  w jm hq gn  oybhazi z', 'www.mjtrwvojzw.com', '1199279-', NULL, 'lbrjw@tkhfdxycom', NULL, '2023-05-06 12:27:36', 141, 2),
(978, 'p slzakycqzdvmretswyd kyag fd  v vkg hjz', 'www.xfumejuwtd.com', '5317-886', NULL, 'bgkgx@lzzhegocom', NULL, '2023-05-06 12:27:36', 118, 2),
(979, 'ckr  alp xmcd  jdy  o  htptk yb  lh s jt', 'www.volkwppojb.com', '-2271559', NULL, 'unmby@hsxtymrcom', NULL, '2023-05-06 12:27:36', 16, 1),
(980, 'inyu cjnh  eak cdlgfy  ot w  lgwdhzvi tm', 'www.lwycbuqank.com', '10281082', NULL, 'sdfmh@urpfpaycom', NULL, '2023-05-06 12:27:36', 150, 1),
(981, 'uzzmy h nfgoeraezwhn mgnpw  bpe cjpmz em', 'www.pbytnqtdtn.com', '33495737', NULL, 'ibuxe@kbmrvoscom', NULL, '2023-05-06 12:27:36', 96, 2),
(982, 'ulnw ba vqmuxq uxpj o v ck  bmn bvwgvzzp', 'www.blmqetaiwo.com', '548-0331', NULL, 'mtvqx@qahxpffcom', NULL, '2023-05-06 12:27:36', 19, 1),
(983, 'w  ouo db ro baws a jk sblvk ua a i q  y', 'www.eruphcrivl.com', '32880458', NULL, 'avwet@gvxmxcscom', NULL, '2023-05-06 12:27:36', 14, 1),
(984, 'fl t hk pnushebw   onbtndrxnmp iajshv n ', 'www.jnaojvnmvw.com', '608-1461', NULL, 'inpwz@wrujqsccom', NULL, '2023-05-06 12:27:36', 78, 3),
(985, 'c b pizr  u ak  vw tymye sg  abn c oqk o', 'www.ekrizjrzel.com', '48316955', NULL, 'gjxmr@icyjerecom', NULL, '2023-05-06 12:27:36', 12, 1),
(986, 'e ddq   slumvc  e  ezts yn vhf jdozp eou', 'www.kldszdkmhy.com', '250-3-18', NULL, 'zollm@zhulzdbcom', NULL, '2023-05-06 12:27:36', 83, 3),
(987, 'j ymjuagquwfzup u zyh ccfq uay pwgqdo  d', 'www.sqlpswutag.com', '-2096-97', NULL, 'yefcm@czfytbxcom', NULL, '2023-05-06 12:27:36', 118, 3),
(988, 'dd ucv kw     o kz guhvhw zjof  jt   xhu', 'www.jhocesodxw.com', '42207804', NULL, 'olxmu@ckolbzwcom', NULL, '2023-05-06 12:27:36', 161, 2),
(989, 'ucp guxzg  yi hgrzt h afmtbgew aownx o f', 'www.lmnlfaylef.com', '41016467', NULL, 'jtxfc@hvmninmcom', NULL, '2023-05-06 12:27:36', 123, 2),
(990, ' lqcd n vc ds cezkthbvh qjrc      lrfqmc', 'www.zdflcpueen.com', '44477633', NULL, 'lkglv@fzyjbzhcom', NULL, '2023-05-06 12:27:36', 128, 1),
(991, 'odamiiw kcf zq k   xn qq  wsjy iebmt vz ', 'www.oecllkuetv.com', '28643405', NULL, 'dmekf@phwrrhkcom', NULL, '2023-05-06 12:27:36', 64, 3),
(992, 't m i jq qoyfg  z z  sbm klklwgaprkum   ', 'www.zwjncxhawg.com', '55376520', NULL, 'rfrti@kqluobgcom', NULL, '2023-05-06 12:27:36', 101, 3),
(993, '  fuv t pugu pz a zdobd  al cn jn  zw  m', 'www.kabeksasbp.com', '09811421', NULL, 'kwsgp@vzlryiocom', NULL, '2023-05-06 12:27:36', 63, 2),
(994, '   mffdmihxa egw ijjg  fmv   c  saqheecj', 'www.hspjuvadyy.com', '669153-7', NULL, 'oiyku@flnnvtbcom', NULL, '2023-05-06 12:27:36', 16, 1),
(995, 'qpx kpy fd sshet sr e a  yhtwge     e   ', 'www.ektyalcnvp.com', '51720199', NULL, 'srxsz@xowykfacom', NULL, '2023-05-06 12:27:36', 195, 1),
(996, 'vi a czem ipvrgf rfgx  fxhupri  fs xom f', 'www.wsacdhaabi.com', '59318915', NULL, 'sslcc@mimsrwycom', NULL, '2023-05-06 12:27:36', 52, 1),
(997, '   jqnfrkjf naa h w wn toe sjlboyqri rs ', 'www.ezqjdpzgnn.com', '977109-4', NULL, 'xsyen@tsiczyccom', NULL, '2023-05-06 12:27:36', 126, 2),
(998, 'p fjqhtuv bvio sk ayuusg  ez vhfgqqgqnwy', 'www.lzqxtqhpth.com', '88470594', NULL, 'rjfsa@wbfeehbcom', NULL, '2023-05-06 12:27:36', 143, 2),
(999, 'ra gqmgakqps  gz a  b  f  k  y xaza qhoj', 'www.ewfxdewmsr.com', '31254162', NULL, 'vlzcg@xcyeyxucom', NULL, '2023-05-06 12:27:36', 93, 2),
(1000, 'a bgkssqh  mnutzy ip h rqwizuu h xb ekdl', 'www.xwevdxrnar.com', '-0147051', NULL, 'rzsbz@eeuhxyocom', NULL, '2023-05-06 12:27:36', 92, 3),
(1001, 'k p  zzyug al jnpgbnrg g ibzxuuvd y c  c', 'www.nivlteclhk.com', '40721345', NULL, 'jyvnc@hnvpieccom', NULL, '2023-05-06 12:27:36', 152, 3),
(1002, 'rk  qgyzl ls  h zntqqvzk   lknbp te  sdl', 'www.qlppfzqqdz.com', '39551964', NULL, 'jbski@gvrxocicom', NULL, '2023-05-06 12:27:36', 32, 3),
(1003, 'uf aurp snxdsyc  rag  a  njqemiel  xdk  ', 'www.eyyzxgpkqv.com', '09268175', NULL, 'kjrje@zbrfuxfcom', NULL, '2023-05-06 12:27:36', 101, 2),
(1004, 'uv ctwqbzcvglpusmv iz  hqkwfxcuwhl dy m ', 'www.egorqejanx.com', '0067-499', NULL, 'kockn@ormucdjcom', NULL, '2023-05-06 12:27:36', 129, 2),
(1005, 'xbmja hvypvv l tf dvng qy dw uip czp  yu', 'www.yksqrahxrs.com', '97594756', NULL, 'fkaaf@bvirxubcom', NULL, '2023-05-06 12:27:36', 130, 1),
(1006, 'qqm moc wim  uzo  yyyxwsnznywhf  wjmkzff', 'www.hzgoflfzlg.com', '4549255-', NULL, 'rbmnx@prqmwobcom', NULL, '2023-05-06 12:27:36', 129, 1),
(1007, 'fwgw  s   keubu kmrz rrq xbp m g awk zlp', 'www.udxqmsozbs.com', '258303-6', NULL, 'mkkna@mfigyegcom', NULL, '2023-05-06 12:27:36', 178, 3),
(1008, ' jk gpqsgi tyepv vwr ts  eijpd ib kxoai ', 'www.xbbljaealb.com', '-3915-29', NULL, 'jtocr@idmiwgfcom', NULL, '2023-05-06 12:27:36', 189, 1),
(1009, 'n rf dymis  sz pj   zr m j en yibx btb c', 'www.fxphifspeb.com', '3698903-', NULL, 'qdbyc@ncdwdcfcom', NULL, '2023-05-06 12:27:36', 146, 1),
(1010, ' y uqql flb truh o fbh  ou kmoefvob vrf ', 'www.zajeolecos.com', '9460--06', NULL, 'wgmgt@xdkohxbcom', NULL, '2023-05-06 12:27:36', 156, 2),
(1011, ' aq rm   d  gj zk qe    cw znyzexoad j y', 'www.rttjzbfnfh.com', '88-968-2', NULL, 'mpjva@rakeoiacom', NULL, '2023-05-06 12:27:36', 124, 3),
(1012, '   roqso  ox   je sqd wdowmh z  jb xyj s', 'www.jgmdkzcipb.com', '48534515', NULL, 'gyxrt@sblsamfcom', NULL, '2023-05-06 12:27:36', 77, 2),
(1013, 'us i urvs k x g   ghd mbexmd ksm y o cng', 'www.ivwdlfnqqj.com', '431-7059', NULL, 'rnqba@vomzfbmcom', NULL, '2023-05-06 12:27:36', 23, 3),
(1014, 'eyyu  o  wpp gxj g zas r gsttazawy vaf a', 'www.jcfhbqnbja.com', '45137244', NULL, 'rbfph@gldspkncom', NULL, '2023-05-06 12:27:36', 6, 1),
(1015, 'p       xeoyk  ydfmonzrsp khwhdj  cdouav', 'www.obtnzlzolz.com', '0176-523', NULL, 'yypic@gokggiicom', NULL, '2023-05-06 12:27:36', 167, 3),
(1016, 'nrg ra lu dbon ivwsobjybxcoa ctm qgtwavy', 'www.pkmrpmsvbm.com', '07116855', NULL, 'wexxp@saoawiocom', NULL, '2023-05-06 12:27:36', 58, 3),
(1017, 'rpoha wz   cws r  r v  ciub r  dd dbnbs ', 'www.vfqrmbnlif.com', '7-516453', NULL, 'noxzc@lxyhvdgcom', NULL, '2023-05-06 12:27:36', 50, 1),
(1018, 'ocbgpkkqokcw sgdsn zw gez r fgnqvwd teqt', 'www.xpqwysqqql.com', '61944162', NULL, 'mljck@sbtgflzcom', NULL, '2023-05-06 12:27:36', 112, 1),
(1019, ' fyjdvdv   km kbcpiz d aj ql enjha datsj', 'www.lbbefvhztz.com', '97691756', NULL, 'lmtoc@frgjubqcom', NULL, '2023-05-06 12:27:36', 29, 2),
(1020, ' dqfmpc     sbdcotzwvh waf g v efbarn w ', 'www.qmycgotdfm.com', '00712123', NULL, 'snnqt@hueyjhucom', NULL, '2023-05-06 12:27:36', 47, 1),
(1021, 'ssdwbbz wxriy ppc sfeh  jfbdshtk  h gfcs', 'www.ucgdfudfkn.com', '9-021050', NULL, 'vlref@pqwpemccom', NULL, '2023-05-06 12:27:36', 173, 1),
(1022, 'wdh e  oj x wk j t jprnwytkimnglmuy  bxc', 'www.jaykedhbjr.com', '2-68942-', NULL, 'socsl@xvufitkcom', NULL, '2023-05-06 12:27:36', 16, 1),
(1023, 'ilc f l hu apo jg rmpel  dj diob h ozxh ', 'www.djwuzbmlgq.com', '-4164486', NULL, 'ndkys@nghoaqicom', NULL, '2023-05-06 12:27:36', 10, 3),
(1024, 'kw dlisyzywj c n      mmrrnrq ybouxyzhmc', 'www.tpuvrbclob.com', '48394257', NULL, 'flstb@yseiegncom', NULL, '2023-05-06 12:27:36', 4, 3),
(1025, 'ety tno  d bgeul puk cqbxjn f hhvl flgzm', 'www.dsfquzooxh.com', '18894688', NULL, 'gkchm@esiderxcom', NULL, '2023-05-06 12:27:36', 83, 1),
(1026, 'bcmkse   woqawalt  p cqi hvnetrttc iw oa', 'www.ssldbbrdrd.com', '56273-55', NULL, 'ebnwo@megzwetcom', NULL, '2023-05-06 12:27:36', 55, 3),
(1027, 'ydbtz    wjbmrkrt jeob w mog  g llpf uco', 'www.wespvenhhg.com', '96-82401', NULL, 'fcffd@osclrspcom', NULL, '2023-05-06 12:27:36', 51, 2),
(1028, 'ueozs kurmpa bv qj be dxhuy aaf kagi  p ', 'www.rsqnrguqxq.com', '1-826305', NULL, 'rsbwd@doszhadcom', NULL, '2023-05-06 12:27:36', 58, 2),
(1029, 'hmcv gauvc  eh xp   fu vw f hw u  h wgsw', 'www.mtptmyroeg.com', '84656775', NULL, 'ssuwl@rlsuagicom', NULL, '2023-05-06 12:27:36', 8, 3);
INSERT INTO `company` (`id`, `company`, `web`, `tel`, `fax`, `main_email`, `address`, `registed_at`, `country_id`, `type_id`) VALUES
(1030, 'qx jwwstbs qbzj tpsh tm   ye     ij kwyj', 'www.thzhnxgbbb.com', '42-07-96', NULL, 'ookci@ssxrtdycom', NULL, '2023-05-06 12:27:36', 37, 1),
(1031, 't  cx gpcskskh  fjets em yn  l geiygv  a', 'www.szkwdxdnti.com', '35606441', NULL, 'gsyoy@lkqidwrcom', NULL, '2023-05-06 12:27:36', 106, 2),
(1032, ' p  btkt  fa da nrksrurceco sr nueomuka ', 'www.vhhsahmrzh.com', '24851026', NULL, 'moodn@jtjbyvvcom', NULL, '2023-05-06 12:27:36', 112, 3),
(1033, ' alsg dtqtvffco n  n lqw b i   k  fu a  ', 'www.zpoqvroxmp.com', '474-7153', NULL, 'lfmna@fihrkyecom', NULL, '2023-05-06 12:27:36', 17, 2),
(1034, 'dzzqrjanivdo  varx ztu lo dl    xfmamckf', 'www.uxbqtsonwr.com', '-4769693', NULL, 'tajlk@fmbargycom', NULL, '2023-05-06 12:27:36', 39, 1),
(1035, 'cjbix gk v   oiuuv wixi  p t hhdu cmeofr', 'www.ojnyryqiyw.com', '34008201', NULL, 'ekndl@vqbrmbfcom', NULL, '2023-05-06 12:27:36', 176, 1),
(1036, 'mc ayrrblx vcdvn atrwk rkbog yskyerjikjg', 'www.meskdkwfgp.com', '28803844', NULL, 'ossuk@kvchbfqcom', NULL, '2023-05-06 12:27:36', 84, 3),
(1037, 'r    r l my ha x e tijbkbk    avmqq sva ', 'www.etfdxigibd.com', '26849314', NULL, 'lhfgn@hqltfqicom', NULL, '2023-05-06 12:27:36', 195, 2),
(1038, 'kr  rkm  t sa f  gnjkydndaph youxlsi qoe', 'www.pnqapwqlpg.com', '09463495', NULL, 'krmzl@bevxyvvcom', NULL, '2023-05-06 12:27:36', 191, 3),
(1039, 'h bchk imi kqc sk czx  wxgyvx  nb ugvg  ', 'www.zhdgunlxua.com', '-03-296-', NULL, 'atoho@mgpfvpwcom', NULL, '2023-05-06 12:27:36', 195, 3),
(1040, 'shovjnq  yjtezfiucpmuh  rm soad m  s ywy', 'www.mwdyecixzt.com', '7-895752', NULL, 'gzxgi@acywbfucom', NULL, '2023-05-06 12:27:36', 44, 2),
(1041, 'a    i otgve mrfbbk qpnxrj  y  em g nii ', 'www.szcktslfrh.com', '30962695', NULL, 'zdjlg@luerxlbcom', NULL, '2023-05-06 12:27:36', 64, 1),
(1042, 'x nzim oa gtdoz kotgp  lxe zdwbh   uo n ', 'www.ymqewhttpl.com', '63292980', NULL, 'spsbu@zwmnlxqcom', NULL, '2023-05-06 12:27:36', 15, 2),
(1043, ' sgtoolsc bwj gqqkulswbtd s ocheqxub   n', 'www.qqvpneamad.com', '-01890-4', NULL, 'ostjj@xjtnjnjcom', NULL, '2023-05-06 12:27:36', 172, 2),
(1044, 'd  m owmzvvq gs wg ad qa t qfbogf s tjn ', 'www.kvsrzktdvl.com', '0630-865', NULL, 'biqau@kgsltvwcom', NULL, '2023-05-06 12:27:36', 191, 3),
(1045, 'dfpshha y xpbh jgu pmle    eicgmooju  im', 'www.jbbdlrxfok.com', '87735287', NULL, 'oedyw@wagzzmecom', NULL, '2023-05-06 12:27:36', 190, 2),
(1046, '  ylrlb hpxyss yn zmzwurivu vkryr jgsw  ', 'www.bipdwgkoli.com', '77747123', NULL, 'fkufh@ntoonvjcom', NULL, '2023-05-06 12:27:36', 88, 2),
(1047, 'thxjso k ofl  ltk  qo xm  gf kr iqvfi yi', 'www.nhnzorlfks.com', '63172356', NULL, 'hnzhr@efmronmcom', NULL, '2023-05-06 12:27:36', 134, 1),
(1048, 'z qykfj glo k p s fcmbbc m   opcf cswin ', 'www.hytrtethyw.com', '74852788', NULL, 'yzmap@vprfyyxcom', NULL, '2023-05-06 12:27:36', 66, 1),
(1049, 'x gr c d omb qmmy pdprug s  vm  rikyl k ', 'www.frcbdeolot.com', '07668773', NULL, 'cmmvv@jonadbccom', NULL, '2023-05-06 12:27:36', 89, 3),
(1050, 'prnj  gnpyoazd owd ze mjqfg os omg i gox', 'www.qvrpjqojhy.com', '781-1-0-', NULL, 'nieze@ehwhvwocom', NULL, '2023-05-06 12:27:36', 11, 1),
(1051, 'g  hgou wfhryn kk fj ek  pae gm   stp y ', 'www.dsstfpujzt.com', '48-99213', NULL, 'wwvdj@sicnycncom', NULL, '2023-05-06 12:27:36', 120, 2),
(1052, ' g kfxtstnt uvzmwcgreh a smtkmbmp y f vy', 'www.jkuqmbdkey.com', '30860892', NULL, 'uljbv@jaeuzygcom', NULL, '2023-05-06 12:27:36', 82, 2),
(1053, '   assub uybaqjnwfipan fzyixvf td ewyenq', 'www.waycgqkfjr.com', '65096482', NULL, 'dkrgn@owggsczcom', NULL, '2023-05-06 12:27:36', 66, 3),
(1054, 'i qhcwv qtzu cgbwb tuyrmcapuey   u  o jh', 'www.kkgtajcbni.com', '85-532-6', NULL, 'kimoc@wuwejxvcom', NULL, '2023-05-06 12:27:36', 159, 3),
(1055, '  ovhxry sfcxoumeko q oy rrn gm fvldfur ', 'www.bexioojihs.com', '72017147', NULL, 'qgcws@luykpbecom', NULL, '2023-05-06 12:27:36', 50, 2),
(1056, ' p wmtdaa zllzjrl dhrcpo a atnew cp jsgf', 'www.ypfbkeiulo.com', '73454303', NULL, 'jwtoi@petpqbmcom', NULL, '2023-05-06 12:27:36', 170, 2),
(1057, 'd note   zq zq  sd rx s jzqky fl rorus  ', 'www.xxrtvhlrix.com', '5565-931', NULL, 'kjpui@nowiarrcom', NULL, '2023-05-06 12:27:36', 17, 2),
(1058, ' tfymq  s  y l n  yj  c  me  fqjjblmu de', 'www.guvvinprdr.com', '718689-1', NULL, 'epnwo@gsnxlpzcom', NULL, '2023-05-06 12:27:36', 108, 3),
(1059, 'gmxmtgbq cud  khp nq  xg i pvpcujk nww c', 'www.cegfoxfqmv.com', '6-402627', NULL, 'hkxku@szajdrtcom', NULL, '2023-05-06 12:27:36', 22, 1),
(1060, 'gk h   qpy vun  egm nutxb p  t  f  sa d ', 'www.lhqswtymko.com', '34001578', NULL, 'pystx@szpidrwcom', NULL, '2023-05-06 12:27:36', 34, 1),
(1061, 'b wlcab  bccf xl u jt ny pysz uk m  ozeq', 'www.rdnvmujkps.com', '6967838-', NULL, 'dfjdt@qczorrocom', NULL, '2023-05-06 12:27:36', 58, 3),
(1062, ' rbv fc sx vihuuladrsbq   cgiy xj  ukqhs', 'www.sndyopvdnp.com', '42896420', NULL, 'lnaaz@goxtdlycom', NULL, '2023-05-06 12:27:36', 40, 3),
(1063, 'n  bj ktf ylcfhubd avjde rwzyo w uzrwfv ', 'www.ifrspiglit.com', '6034-3-7', NULL, 'ppaqb@afovmvecom', NULL, '2023-05-06 12:27:36', 175, 3),
(1064, 'hmgkqi y  j kkp xpdc vf usha bgyf    nrh', 'www.wkjpvouhos.com', '319-9897', NULL, 'gzznz@jfijlqkcom', NULL, '2023-05-06 12:27:36', 139, 3),
(1065, 'h       k htywtc  odi beuiuv pdamis y  p', 'www.oqkijnfwqa.com', '52340519', NULL, 'utuer@rnephihcom', NULL, '2023-05-06 12:27:36', 157, 3),
(1066, 'qjrrpuin o q lb qkl nym mnq  oznsoy hkxi', 'www.yimxdntylk.com', '27933068', NULL, 'jcbnj@bdwvuoicom', NULL, '2023-05-06 12:27:36', 168, 2),
(1067, 'b   dhwckjlso   mapwvj yt h   rmmjrer  q', 'www.ojxszeuqoc.com', '05538516', NULL, 'xdoyt@rmldofqcom', NULL, '2023-05-06 12:27:36', 157, 3),
(1068, ' uni   xr   ru y rlvj w sy ecdbykw   ue ', 'www.aokdglljgh.com', '74737710', NULL, 'kttvb@ofigoercom', NULL, '2023-05-06 12:27:36', 175, 1),
(1069, 'bk  baouyx  abs zsuxwxj cbaok  ihebt adr', 'www.warmzuyqjw.com', '7254-29-', NULL, 'vngsc@rqrarlxcom', NULL, '2023-05-06 12:27:36', 137, 3),
(1070, 'hyx r ps h  i uk bd nbsjtdn pon  wvqml f', 'www.tyfxznlzir.com', '3361864-', NULL, 'vzies@ajumcpwcom', NULL, '2023-05-06 12:27:36', 72, 1),
(1071, 'urqrgb co hzyfadoaftox yibzq x jc  sunlg', 'www.gwcbsgrufs.com', '152--356', NULL, 'hzukz@sdcptfbcom', NULL, '2023-05-06 12:27:36', 141, 1),
(1072, 'gua jd agoqnlpokptd z  w whehnz ydhq hyk', 'www.xymswmyqyk.com', '528-2354', NULL, 'mpwfq@iwqgmzxcom', NULL, '2023-05-06 12:27:36', 127, 1),
(1073, 'u uhr l  mh kdlrcnbfxr fedjvut   yp r lo', 'www.ulbyujmklv.com', '36733769', NULL, 'xlsnt@epwdiejcom', NULL, '2023-05-06 12:27:36', 175, 1),
(1074, 'mstpwx lvlsux hjv  wx xiuoqbx   s w  b b', 'www.edwnbslsph.com', '13989331', NULL, 'chlfn@vdjbeskcom', NULL, '2023-05-06 12:27:36', 155, 2),
(1075, ' ehwdogikf lmaaimqhhqvk vtjqe tfpckn jp ', 'www.maqdtyapsk.com', '167464--', NULL, 'lhxym@laiivrmcom', NULL, '2023-05-06 12:27:36', 36, 3),
(1076, 'u   g    geo ijkmgr xdi  z h  ozmomdxms ', 'www.vetyytwwns.com', '3-12-957', NULL, 'ofgfa@opjyjbkcom', NULL, '2023-05-06 12:27:36', 183, 3),
(1077, 'ggpealy qy sbc fgf j  qdc ee   l lr  emh', 'www.cavknubqer.com', '04375558', NULL, 'xakgx@sbulnpbcom', NULL, '2023-05-06 12:27:36', 60, 1),
(1078, 'fty z  jbkjheebanyt v g kj jhaytnk tv bi', 'www.mfcjjoatrq.com', '72380127', NULL, 'rmwim@snmofdtcom', NULL, '2023-05-06 12:27:36', 132, 3),
(1079, 'tgdv ryp pec  ieo  g n  zy e z  s r  ycj', 'www.cmlyzohuws.com', '61498727', NULL, 'fbsmd@kijsyelcom', NULL, '2023-05-06 12:27:36', 93, 1),
(1080, 'u qrixstjfd zd kqr ggbcsat btntalzf sr  ', 'www.ektpmtgstt.com', '21666799', NULL, 'haknc@zppppztcom', NULL, '2023-05-06 12:27:36', 158, 2),
(1081, ' qk ykog ksdifm l mdrwls wo g  t mth  r ', 'www.qcxwumfbsv.com', '01321499', NULL, 'teryo@bbrbmrbcom', NULL, '2023-05-06 12:27:36', 111, 1),
(1082, 'wyp  kqxuyqmk pbdum hvbvek slwbs jly    ', 'www.qjqebyrhmv.com', '29752765', NULL, 'snffe@cvskjxhcom', NULL, '2023-05-06 12:27:36', 66, 2),
(1083, ' cgjbp s lyv ildvjr pk   sfijj acsh kbnf', 'www.inxygzmjsa.com', '49568254', NULL, 'pogbe@fsewjhvcom', NULL, '2023-05-06 12:27:36', 67, 2),
(1084, 'kbv  c rfu klzn lklm     lkd u edljgwrhc', 'www.jmamskkksg.com', '22683-96', NULL, 'dojor@fnygrxfcom', NULL, '2023-05-06 12:27:36', 67, 1),
(1085, ' fvfixnzyjfdt  me  k  pdynxlcpbspmx s  r', 'www.rhxqrvrwxi.com', '22806851', NULL, 'slwbg@rlxdspxcom', NULL, '2023-05-06 12:27:36', 122, 3),
(1086, 'p heu   udi nhsbzbli kmqzk d t  ivagnk  ', 'www.cmjnvaxgwn.com', '36312803', NULL, 'pvozf@caafkmecom', NULL, '2023-05-06 12:27:36', 14, 1),
(1087, ' z rryjmjyr ctypwvl yldekb e g ml uaxka ', 'www.nkhgvmzxxi.com', '35667386', NULL, 'xvefr@gfhyvnccom', NULL, '2023-05-06 12:27:36', 160, 3),
(1088, 'zbip  bifk ownogq efe k iwr zfcwzyehg ek', 'www.fcdsunfequ.com', '6-0264-1', NULL, 'yvxow@nvkhblocom', NULL, '2023-05-06 12:27:36', 35, 3),
(1089, ' celf srejfcpfh kgmvlgse aj z dyrlgtzu o', 'www.xrvbnxbluv.com', '81614861', NULL, 'dbnku@qxnsmvlcom', NULL, '2023-05-06 12:27:36', 143, 1),
(1090, 'xsruf  wk om m p pycomtsxi sogromldkzcu ', 'www.phzqpemowq.com', '01419952', NULL, 'qwslj@kvzgsmicom', NULL, '2023-05-06 12:27:36', 147, 3),
(1091, 'cm u klnn az  a op ip  fjq xvqu  vdnfldl', 'www.wrudsyohqv.com', '77009-61', NULL, 'clhal@fucnfatcom', NULL, '2023-05-06 12:27:36', 140, 2),
(1092, 'jjun xud f py y x xdiw yygd rvwuwi zi ne', 'www.ndvtwbkuap.com', '73179580', NULL, 'xghhq@zmqnjsycom', NULL, '2023-05-06 12:27:36', 136, 3),
(1093, ' o i febgecvhpjs d i f  w   nju j ql as ', 'www.kpgzqbiapq.com', '18636918', NULL, 'bxiju@ckauezccom', NULL, '2023-05-06 12:27:36', 101, 1),
(1094, ' vrxy  muh rh c xpw r er  kd jwkqg ay qi', 'www.tgvsicwefc.com', '96195232', NULL, 'cydyl@wuwztmmcom', NULL, '2023-05-06 12:27:36', 10, 3),
(1095, ' qm gkabszf gas ru rl ifmfevt uyb wd odt', 'www.pvqjuzonvy.com', '8117-030', NULL, 'xcybe@ytcwuaycom', NULL, '2023-05-06 12:27:36', 176, 1),
(1096, '  xm q a  b nagt   vntzvvn mi ccr xiprs ', 'www.ocmnxebjpz.com', '22879754', NULL, 'nwxvb@hbythjtcom', NULL, '2023-05-06 12:27:36', 53, 3),
(1097, 'thkw t azprq scuneu phsk fxi u mkiqnij  ', 'www.xtkykusopz.com', '48175198', NULL, 'wevpl@pldhgzacom', NULL, '2023-05-06 12:27:36', 175, 3),
(1098, 'lfo e b   c oi pe   pzru dfzxkz  z  xuf ', 'www.xpcspkfzix.com', '1-506494', NULL, 'pwlrh@ydvpebdcom', NULL, '2023-05-06 12:27:36', 7, 3),
(1099, 'bdc i e a s ame v hmr  iiur tw o bw a qs', 'www.wkhdopylyx.com', '80-2-429', NULL, 'eoybg@odfpyuicom', NULL, '2023-05-06 12:27:36', 102, 3),
(1100, 'kcgup mnh x y z ur  g ywoxbphapas lqa ps', 'www.nazjcpxaqw.com', '28365-89', NULL, 'cfvla@gjrcexacom', NULL, '2023-05-06 12:27:36', 33, 1),
(1101, '    go zo  x l  w zn c vjrtgkp ckwr  fn ', 'www.klouivhujw.com', '695-9549', NULL, 'yhaug@tzqpjnacom', NULL, '2023-05-06 12:27:36', 83, 3),
(1102, 'eboewben x ou l ar mat vu r c iclqmys   ', 'www.xjakdolyqp.com', '56-9654-', NULL, 'lquro@xwpmnascom', NULL, '2023-05-06 12:27:36', 3, 2),
(1103, 'ucfl   g xvn  eq zg yiba j fe iiquv xlnt', 'www.bnntgyrchc.com', '9563-639', NULL, 'qdmqt@kuzvhotcom', NULL, '2023-05-06 12:27:36', 98, 2),
(1104, 'wfnp p gbyax ctn ng um  bppo jz ipe   c ', 'www.rmpyfnyexz.com', '99440131', NULL, 'ufqif@edkckgmcom', NULL, '2023-05-06 12:27:36', 29, 2),
(1105, ' pa sn l  czmbjl   w   p  dffrrves ojvja', 'www.smpctdybuc.com', '5907570-', NULL, 'jrfdv@efijwymcom', NULL, '2023-05-06 12:27:36', 132, 1),
(1106, '  j qzp zga op ztci ubgb sv  m nbqlyc r ', 'www.jjtuyqknop.com', '99180413', NULL, 'klbae@ozxnzficom', NULL, '2023-05-06 12:27:36', 103, 2),
(1107, 'fsp    x cem  mggaado ly evwkg rvsw iksx', 'www.ivnrtrdqrz.com', '19-24057', NULL, 'qvtid@wwfwfjdcom', NULL, '2023-05-06 12:27:36', 134, 2),
(1108, 'm  hb bid x qqrcd pvufdxt n  g tj   t ei', 'www.caccxtpill.com', '75881120', NULL, 'utqtw@ltfropfcom', NULL, '2023-05-06 12:27:36', 56, 3),
(1109, ' fvg ezg  bqev p  e hccq  f hk j   l ej ', 'www.rxlincsbus.com', '92517790', NULL, 'xigqv@efyfviicom', NULL, '2023-05-06 12:27:36', 189, 3),
(1110, 'j cohf z xlyiy ur fli   ccpit jhh g hjbr', 'www.ajdjlpulnr.com', '8-8144-1', NULL, 'lxcjp@giqkxsrcom', NULL, '2023-05-06 12:27:36', 186, 1),
(1111, ' st  eo wclqah cuzgralu  gh  lf    lyzj ', 'www.hblhuivdbm.com', '56738705', NULL, 'gzfvu@nnydivncom', NULL, '2023-05-06 12:27:36', 132, 3),
(1112, 't vmfyfy  l thz pecb df l  cb xu rvw  c ', 'www.tyclfzafhu.com', '88416026', NULL, 'sxnnr@jlloxdrcom', NULL, '2023-05-06 12:27:36', 157, 3),
(1113, 'x j dufawutl ksu   uvpnbf ouks  rx t xhw', 'www.zuvkgdepsf.com', '6477-179', NULL, 'uynax@egaethwcom', NULL, '2023-05-06 12:27:36', 79, 2),
(1114, 'xe mbmd ic v adjbke min xdb bk    pbh hz', 'www.ngpecirqdh.com', '78276425', NULL, 'hhytv@bentezkcom', NULL, '2023-05-06 12:27:36', 86, 1),
(1115, 'yidoak hzz ppojc  mjpr   h djqf bdtmr  y', 'www.uyakalmynn.com', '90010-8-', NULL, 'jsfkk@rltiodpcom', NULL, '2023-05-06 12:27:36', 46, 2),
(1116, 'ys tiqi ccv mdjpncv vmw  f d iko   ymulg', 'www.buccndiwyv.com', '59888626', NULL, 'stkey@kopaawscom', NULL, '2023-05-06 12:27:36', 84, 1),
(1117, ' wofh voxv   m pqxgccz   ibe abdu ct w  ', 'www.iurkmnviht.com', '65725463', NULL, 'aoxko@xqckebwcom', NULL, '2023-05-06 12:27:36', 75, 3),
(1118, 'qtxe dwezjxjffy jycwtm  cwu zvd li  lvlc', 'www.nicrbvbzzn.com', '23077730', NULL, 'yvtut@johspjxcom', NULL, '2023-05-06 12:27:36', 38, 1),
(1119, 'vg a p snvpqytqw bq zfj n  maqw ptrd yi ', 'www.hsfilxgedw.com', '72361886', NULL, 'vnoqk@jlacmpzcom', NULL, '2023-05-06 12:27:36', 145, 1),
(1120, 'p za m r nkq sk   oqz   yiybl rru e  qme', 'www.aowglugwgv.com', '305-9980', NULL, 'giemp@lxxcitecom', NULL, '2023-05-06 12:27:36', 112, 3),
(1121, 'zw  npw rh zd r bxchvhw efr jvy   x cqn ', 'www.sekbzzudii.com', '5-7205-5', NULL, 'pxmyh@dyaokopcom', NULL, '2023-05-06 12:27:36', 4, 3),
(1122, 'iguyit pvin wgh    c jjr  to sorculpl br', 'www.caxeygcvxj.com', '52678113', NULL, 'amfpr@mcvtcdfcom', NULL, '2023-05-06 12:27:36', 38, 1),
(1123, 'zub  jpirp pllgjkqgior cqtl gytbow  xkj ', 'www.zhxqbfpmnq.com', '52495-31', NULL, 'olqol@vxckfumcom', NULL, '2023-05-06 12:27:36', 37, 1),
(1124, ' hnv ib  yrvbahoi   w emazo nbmr  oc lmy', 'www.qepcteohor.com', '6491435-', NULL, 'vfeuh@rngfqsqcom', NULL, '2023-05-06 12:27:36', 39, 1),
(1125, 'unjde typpbwlaufwks vci   mdokgsqhulgg  ', 'www.pfvvvyhghx.com', '69290611', NULL, 'dwmyi@kxqqgbmcom', NULL, '2023-05-06 12:27:36', 124, 1),
(1126, 'otmgo h g qkec pe zbgq mmammsd phbdkjp r', 'www.cbdsfluehi.com', '96544294', NULL, 'umpta@rgrvbihcom', NULL, '2023-05-06 12:27:36', 19, 3),
(1127, 'e d ego kmsjv t mbtagkvmhwcol i gk fno t', 'www.txeqxzaisb.com', '-7579386', NULL, 'akaec@rcbqxubcom', NULL, '2023-05-06 12:27:36', 72, 3),
(1128, ' psm  iiwq gq m gm y otae byhudhzx ojnhf', 'www.gajkyehaui.com', '97-31337', NULL, 'iaibe@spkfjphcom', NULL, '2023-05-06 12:27:36', 111, 2),
(1129, 'noaw  kdzvbrqog  rpgszddvm tsclwpmic  f ', 'www.epxhcefsew.com', '145895-7', NULL, 'fgbvz@zkqhmhlcom', NULL, '2023-05-06 12:27:36', 25, 1),
(1130, 'j myoddcmvdi   x nib vbdydk tykqrz   a  ', 'www.sawgbsahll.com', '6639-854', NULL, 'imtms@antyvcicom', NULL, '2023-05-06 12:27:36', 44, 2),
(1131, 'c  k je rerbyi z  p ucw fhblv oo f qfiob', 'www.owvjrsotjo.com', '14517615', NULL, 'txthq@nqmttsfcom', NULL, '2023-05-06 12:27:36', 2, 1),
(1132, 'tv n vvn o mqbrabb   prq x  v roj qbaoo ', 'www.hebumthopo.com', '7898-913', NULL, 'kvafo@sagoazwcom', NULL, '2023-05-06 12:27:36', 85, 2),
(1133, ' d dgenor  q uh hjcu crf fetuhmg mqsbdoo', 'www.kqbejzzqzb.com', '23799876', NULL, 'jixyq@anbdmjicom', NULL, '2023-05-06 12:27:36', 28, 2),
(1134, ' e k t jishrcei q uztqw v a  at     eu p', 'www.ztgpcdwnxt.com', '13474043', NULL, 'mdyqf@bktjfzfcom', NULL, '2023-05-06 12:27:36', 1, 3);

-- --------------------------------------------------------

--
-- 테이블 구조 `company_category`
--

CREATE TABLE `company_category` (
  `id` int(11) NOT NULL,
  `category_id` int(11) NOT NULL,
  `company_id` int(11) NOT NULL
) ENGINE=InnoDB DEFAULT CHARSET=utf8;

-- --------------------------------------------------------

--
-- 테이블 구조 `country`
--

CREATE TABLE `country` (
  `id` int(11) NOT NULL,
  `country` varchar(100) NOT NULL
) ENGINE=InnoDB DEFAULT CHARSET=utf8;

--
-- 테이블의 덤프 데이터 `country`
--

INSERT INTO `country` (`id`, `country`) VALUES
(1, 'Afghanistan'),
(2, 'Albania'),
(3, 'Algeria'),
(4, 'Andorra'),
(5, 'Angola'),
(6, 'Antigua and Barbuda'),
(7, 'Argentina'),
(8, 'Armenia'),
(9, 'Australia'),
(10, 'Austria'),
(11, 'Azerbaijan'),
(12, 'Bahamas'),
(13, 'Bahrain'),
(14, 'Bangladesh'),
(15, 'Barbados'),
(16, 'Belarus'),
(17, 'Belgium'),
(18, 'Belize'),
(19, 'Benin'),
(20, 'Bhutan'),
(21, 'Bolivia'),
(22, 'Bosnia and Herzegovina'),
(23, 'Botswana'),
(24, 'Brazil'),
(25, 'Brunei'),
(26, 'Bulgaria'),
(27, 'Burkina Faso'),
(28, 'Burundi'),
(29, 'Côte dIvoire'),
(30, 'Cabo Verde'),
(31, 'Cambodia'),
(32, 'Cameroon'),
(33, 'Canada'),
(34, 'Central African Republic'),
(35, 'Chad'),
(36, 'Chile'),
(37, 'China'),
(38, 'Colombia'),
(39, 'Comoros'),
(40, 'Congo (Congo-Brazzaville)'),
(41, 'Costa Rica'),
(42, 'Croatia'),
(43, 'Cuba'),
(44, 'Cyprus'),
(45, 'Czechia (Czech Republic)'),
(46, 'Democratic Republic of the Congo'),
(47, 'Denmark'),
(48, 'Djibouti'),
(49, 'Dominica'),
(50, 'Dominican Republic'),
(51, 'Ecuador'),
(52, 'Egypt'),
(53, 'El Salvador'),
(54, 'Equatorial Guinea'),
(55, 'Eritrea'),
(56, 'Estonia'),
(57, 'Eswatini (fmr. \"Swaziland\")'),
(58, 'Ethiopia'),
(59, 'Fiji'),
(60, 'Finland'),
(61, 'France'),
(62, 'Gabon'),
(63, 'Gambia'),
(64, 'Georgia'),
(65, 'Germany'),
(66, 'Ghana'),
(67, 'Greece'),
(68, 'Grenada'),
(69, 'Guatemala'),
(70, 'Guinea'),
(71, 'Guinea-Bissau'),
(72, 'Guyana'),
(73, 'Haiti'),
(74, 'Holy See'),
(75, 'Honduras'),
(76, 'Hungary'),
(77, 'Iceland'),
(78, 'India'),
(79, 'Indonesia'),
(80, 'Iran'),
(81, 'Iraq'),
(82, 'Ireland'),
(83, 'Israel'),
(84, 'Italy'),
(85, 'Jamaica'),
(86, 'Japan'),
(87, 'Jordan'),
(88, 'Kazakhstan'),
(89, 'Kenya'),
(90, 'Kiribati'),
(91, 'Kuwait'),
(92, 'Kyrgyzstan'),
(93, 'Laos'),
(94, 'Latvia'),
(95, 'Lebanon'),
(96, 'Lesotho'),
(97, 'Liberia'),
(98, 'Libya'),
(99, 'Liechtenstein'),
(100, 'Lithuania'),
(101, 'Luxembourg'),
(102, 'Madagascar'),
(103, 'Malawi'),
(104, 'Malaysia'),
(105, 'Maldives'),
(106, 'Mali'),
(107, 'Malta'),
(108, 'Marshall Islands'),
(109, 'Mauritania'),
(110, 'Mauritius'),
(111, 'Mexico'),
(112, 'Micronesia'),
(113, 'Moldova'),
(114, 'Monaco'),
(115, 'Mongolia'),
(116, 'Montenegro'),
(117, 'Morocco'),
(118, 'Mozambique'),
(119, 'Myanmar (formerly Burma)'),
(120, 'Namibia'),
(121, 'Nauru'),
(122, 'Nepal'),
(123, 'Netherlands'),
(124, 'New Zealand'),
(125, 'Nicaragua'),
(126, 'Niger'),
(127, 'Nigeria'),
(128, 'North Korea'),
(129, 'North Macedonia'),
(130, 'Norway'),
(131, 'Oman'),
(132, 'Pakistan'),
(133, 'Palau'),
(134, 'Palestine State'),
(135, 'Panama'),
(136, 'Papua New Guinea'),
(137, 'Paraguay'),
(138, 'Peru'),
(139, 'Philippines'),
(140, 'Poland'),
(141, 'Portugal'),
(142, 'Qatar'),
(143, 'Romania'),
(144, 'Russia'),
(145, 'Rwanda'),
(146, 'Saint Kitts and Nevis'),
(147, 'Saint Lucia'),
(148, 'Saint Vincent and the Grenadines'),
(149, 'Samoa'),
(150, 'San Marino'),
(151, 'Sao Tome and Principe'),
(152, 'Saudi Arabia'),
(153, 'Senegal'),
(154, 'Serbia'),
(155, 'Seychelles'),
(156, 'Sierra Leone'),
(157, 'Singapore'),
(158, 'Slovakia'),
(159, 'Slovenia'),
(160, 'Solomon Islands'),
(161, 'Somalia'),
(162, 'South Africa'),
(163, 'South Korea'),
(164, 'South Sudan'),
(165, 'Spain'),
(166, 'Sri Lanka'),
(167, 'Sudan'),
(168, 'Suriname'),
(169, 'Sweden'),
(170, 'Switzerland'),
(171, 'Syria'),
(172, 'Tajikistan'),
(173, 'Tanzania'),
(174, 'Thailand'),
(175, 'Timor-Leste'),
(176, 'Togo'),
(177, 'Tonga'),
(178, 'Trinidad and Tobago'),
(179, 'Tunisia'),
(180, 'Turkey'),
(181, 'Turkmenistan'),
(182, 'Tuvalu'),
(183, 'Uganda'),
(184, 'Ukraine'),
(185, 'United Arab Emirates'),
(186, 'United Kingdom'),
(187, 'United States of America'),
(188, 'Uruguay'),
(189, 'Uzbekistan'),
(190, 'Vanuatu'),
(191, 'Venezuela'),
(192, 'Vietnam'),
(193, 'Yemen'),
(194, 'Zambia'),
(195, 'Zimbabwe');

-- --------------------------------------------------------

--
-- 테이블 구조 `incoterm`
--

CREATE TABLE `incoterm` (
  `id` int(11) NOT NULL,
  `incoterm` varchar(45) NOT NULL,
  `incoterm_short` varchar(10) NOT NULL
) ENGINE=InnoDB DEFAULT CHARSET=utf8;

-- --------------------------------------------------------

--
-- 테이블 구조 `inquiry`
--

CREATE TABLE `inquiry` (
  `id` int(11) NOT NULL,
  `registed_at` timestamp NOT NULL DEFAULT current_timestamp() ON UPDATE current_timestamp(),
  `company_id` int(11) NOT NULL,
  `payment_term_id` int(11) NOT NULL,
  `incoterm_id` int(11) NOT NULL
) ENGINE=InnoDB DEFAULT CHARSET=utf8;

-- --------------------------------------------------------

--
-- 테이블 구조 `inquiry_product`
--

CREATE TABLE `inquiry_product` (
  `id` int(11) NOT NULL,
  `product_id` int(11) NOT NULL,
  `inquiry_id` int(11) NOT NULL,
  `price` float DEFAULT NULL
) ENGINE=InnoDB DEFAULT CHARSET=utf8;

-- --------------------------------------------------------

--
-- 테이블 구조 `payment`
--

CREATE TABLE `payment` (
  `id` int(11) NOT NULL,
  `amount` float NOT NULL,
  `registed_at` timestamp NOT NULL DEFAULT current_timestamp() ON UPDATE current_timestamp(),
  `sale_id` int(11) NOT NULL
) ENGINE=InnoDB DEFAULT CHARSET=utf8;

-- --------------------------------------------------------

--
-- 테이블 구조 `payment_term`
--

CREATE TABLE `payment_term` (
  `id` int(11) NOT NULL,
  `payment_term` varchar(200) NOT NULL
) ENGINE=InnoDB DEFAULT CHARSET=utf8;

-- --------------------------------------------------------

--
-- 테이블 구조 `person`
--

CREATE TABLE `person` (
  `id` int(11) NOT NULL,
  `name` varchar(45) NOT NULL,
  `mobile` varchar(45) DEFAULT NULL,
  `email` varchar(100) DEFAULT NULL,
  `registed_at` timestamp NOT NULL DEFAULT current_timestamp() ON UPDATE current_timestamp(),
  `position_id` int(11) DEFAULT NULL,
  `company_id` int(11) DEFAULT NULL
) ENGINE=InnoDB DEFAULT CHARSET=utf8;

--
-- 테이블의 덤프 데이터 `person`
--

INSERT INTO `person` (`id`, `name`, `mobile`, `email`, `registed_at`, `position_id`, `company_id`) VALUES
(1, 'tontnldi', '+51-9925-33099', 'laeiuhdf@dsf.', '2023-05-04 16:00:50', 2, 6),
(2, 'tontnldi', '+51-9925-33099', 'laeiuhdf@dsf.com', '2023-05-04 16:00:55', 2, 6),
(3, 'tontnldi', '+51-9925-33099', 'laeiuhdf@dsf.com', '2023-05-04 16:03:03', 2, 6),
(4, 'tontnldi', '+51-9925-33099', 'laeiuhdf@dsf.com', '2023-05-04 16:03:06', 2, 6),
(5, 'tontnldi', '+51-9925-33099', 'laeiuhdf@dsf.com', '2023-05-05 06:03:51', 2, 6),
(6, 'holi', '', '', '2023-05-05 06:08:47', 3, 6),
(7, 'sakdfjaslfkj', '1233', 'sakdljf@dsaf.com', '2023-05-05 06:10:19', 4, 6),
(12, 'sadfsadfsdaasljdfasfd', '', '', '2023-05-05 06:16:53', NULL, 6),
(13, 'asdkfljlsakdfj', '92873-123-123', 'sdfasf@dsafsf.kr', '2023-05-05 06:19:04', 6, 6),
(14, 'safdlkjasflkjasflkj', '', '', '2023-05-05 06:53:17', NULL, 6),
(15, '32o4iu3kjasf', '', '', '2023-05-05 06:53:40', NULL, 6),
(16, 'safasfsf', '', '', '2023-05-05 06:56:07', NULL, 6),
(17, 'hola nueva prueba', '', '', '2023-05-05 06:58:14', NULL, 6),
(18, '11111111 primerito', '2390823@sdafsd', 'sdkafjsf@dsafsdfa.com', '2023-05-05 06:58:39', 7, 6),
(25, '00 datos completos', '+51-992533099', 'laparkaes@sdfa.com', '2023-05-05 08:36:22', 11, 7),
(29, 'Gerald Mendoza', '+51-3304-1238', 'oiuaesdaf@sadfasf.com', '2023-05-05 09:01:04', 1, 7);

-- --------------------------------------------------------

--
-- 테이블 구조 `position`
--

CREATE TABLE `position` (
  `id` int(11) NOT NULL,
  `position` varchar(45) NOT NULL
) ENGINE=InnoDB DEFAULT CHARSET=utf8;

--
-- 테이블의 덤프 데이터 `position`
--

INSERT INTO `position` (`id`, `position`) VALUES
(1, 'Director'),
(2, 'General Manager'),
(3, 'Recepcionst'),
(4, 'skljsadfkj'),
(6, 'un Vago'),
(7, 'sakdfkasfjlsf'),
(8, 'genrente general'),
(9, 'recepnionista'),
(10, 'cualquiera'),
(11, 'Gerente Comercial'),
(12, 'Gerente General');

-- --------------------------------------------------------

--
-- 테이블 구조 `product`
--

CREATE TABLE `product` (
  `id` int(11) NOT NULL,
  `product` varchar(50) NOT NULL,
  `price` float DEFAULT NULL,
  `remark` text DEFAULT NULL,
  `registed_at` timestamp NULL DEFAULT NULL,
  `category_id` int(11) NOT NULL
) ENGINE=InnoDB DEFAULT CHARSET=utf8;

-- --------------------------------------------------------

--
-- 테이블 구조 `sale`
--

CREATE TABLE `sale` (
  `id` int(11) NOT NULL,
  `amount` float NOT NULL,
  `registed_at` timestamp NOT NULL DEFAULT current_timestamp() ON UPDATE current_timestamp(),
  `inquiry_id` int(11) NOT NULL
) ENGINE=InnoDB DEFAULT CHARSET=utf8;

-- --------------------------------------------------------

--
-- 테이블 구조 `type`
--

CREATE TABLE `type` (
  `id` int(11) NOT NULL,
  `type` varchar(45) NOT NULL
) ENGINE=InnoDB DEFAULT CHARSET=utf8;

--
-- 테이블의 덤프 데이터 `type`
--

INSERT INTO `type` (`id`, `type`) VALUES
(1, 'End user'),
(2, 'Distributor'),
(3, 'Dealer');

--
-- 덤프된 테이블의 인덱스
--

--
-- 테이블의 인덱스 `account`
--
ALTER TABLE `account`
  ADD PRIMARY KEY (`id`),
  ADD KEY `fk_account_person1` (`person_id`);

--
-- 테이블의 인덱스 `category`
--
ALTER TABLE `category`
  ADD PRIMARY KEY (`id`);

--
-- 테이블의 인덱스 `company`
--
ALTER TABLE `company`
  ADD PRIMARY KEY (`id`),
  ADD KEY `fk_company_country1` (`country_id`),
  ADD KEY `fk_company_type1` (`type_id`);

--
-- 테이블의 인덱스 `company_category`
--
ALTER TABLE `company_category`
  ADD PRIMARY KEY (`id`,`category_id`,`company_id`);

--
-- 테이블의 인덱스 `country`
--
ALTER TABLE `country`
  ADD PRIMARY KEY (`id`);

--
-- 테이블의 인덱스 `incoterm`
--
ALTER TABLE `incoterm`
  ADD PRIMARY KEY (`id`);

--
-- 테이블의 인덱스 `inquiry`
--
ALTER TABLE `inquiry`
  ADD PRIMARY KEY (`id`,`payment_term_id`,`incoterm_id`),
  ADD KEY `fk_inquiry_company1` (`company_id`),
  ADD KEY `fk_inquiry_payment_term1` (`payment_term_id`),
  ADD KEY `fk_inquiry_incoterm1` (`incoterm_id`);

--
-- 테이블의 인덱스 `inquiry_product`
--
ALTER TABLE `inquiry_product`
  ADD PRIMARY KEY (`id`,`product_id`,`inquiry_id`),
  ADD KEY `fk_inquiry_product_product1` (`product_id`),
  ADD KEY `fk_inquiry_product_inquiry1` (`inquiry_id`);

--
-- 테이블의 인덱스 `payment`
--
ALTER TABLE `payment`
  ADD PRIMARY KEY (`id`,`sale_id`),
  ADD KEY `fk_payment_sale1` (`sale_id`);

--
-- 테이블의 인덱스 `payment_term`
--
ALTER TABLE `payment_term`
  ADD PRIMARY KEY (`id`);

--
-- 테이블의 인덱스 `person`
--
ALTER TABLE `person`
  ADD PRIMARY KEY (`id`),
  ADD KEY `fk_person_position` (`position_id`),
  ADD KEY `fk_person_company1` (`company_id`);

--
-- 테이블의 인덱스 `position`
--
ALTER TABLE `position`
  ADD PRIMARY KEY (`id`);

--
-- 테이블의 인덱스 `product`
--
ALTER TABLE `product`
  ADD PRIMARY KEY (`id`,`category_id`),
  ADD KEY `fk_product_category1` (`category_id`);

--
-- 테이블의 인덱스 `sale`
--
ALTER TABLE `sale`
  ADD PRIMARY KEY (`id`,`inquiry_id`),
  ADD KEY `fk_sale_inquiry1` (`inquiry_id`);

--
-- 테이블의 인덱스 `type`
--
ALTER TABLE `type`
  ADD PRIMARY KEY (`id`);

--
-- 덤프된 테이블의 AUTO_INCREMENT
--

--
-- 테이블의 AUTO_INCREMENT `company`
--
ALTER TABLE `company`
  MODIFY `id` int(11) NOT NULL AUTO_INCREMENT, AUTO_INCREMENT=1135;

--
-- 테이블의 AUTO_INCREMENT `person`
--
ALTER TABLE `person`
  MODIFY `id` int(11) NOT NULL AUTO_INCREMENT, AUTO_INCREMENT=30;

--
-- 테이블의 AUTO_INCREMENT `position`
--
ALTER TABLE `position`
  MODIFY `id` int(11) NOT NULL AUTO_INCREMENT, AUTO_INCREMENT=13;

--
-- 덤프된 테이블의 제약사항
--

--
-- 테이블의 제약사항 `company`
--
ALTER TABLE `company`
  ADD CONSTRAINT `fk_company_country1` FOREIGN KEY (`country_id`) REFERENCES `country` (`id`) ON DELETE NO ACTION ON UPDATE NO ACTION,
  ADD CONSTRAINT `fk_company_type1` FOREIGN KEY (`type_id`) REFERENCES `type` (`id`) ON DELETE NO ACTION ON UPDATE NO ACTION;

--
-- 테이블의 제약사항 `company_category`
--
ALTER TABLE `company_category`
  ADD CONSTRAINT `fk_company_product_category_category1` FOREIGN KEY (`category_id`) REFERENCES `category` (`id`) ON DELETE NO ACTION ON UPDATE NO ACTION;

--
-- 테이블의 제약사항 `inquiry`
--
ALTER TABLE `inquiry`
  ADD CONSTRAINT `fk_inquiry_incoterm1` FOREIGN KEY (`incoterm_id`) REFERENCES `incoterm` (`id`) ON DELETE NO ACTION ON UPDATE NO ACTION,
  ADD CONSTRAINT `fk_inquiry_payment_term1` FOREIGN KEY (`payment_term_id`) REFERENCES `payment_term` (`id`) ON DELETE NO ACTION ON UPDATE NO ACTION;

--
-- 테이블의 제약사항 `inquiry_product`
--
ALTER TABLE `inquiry_product`
  ADD CONSTRAINT `fk_inquiry_product_inquiry1` FOREIGN KEY (`inquiry_id`) REFERENCES `inquiry` (`id`) ON DELETE NO ACTION ON UPDATE NO ACTION,
  ADD CONSTRAINT `fk_inquiry_product_product1` FOREIGN KEY (`product_id`) REFERENCES `product` (`id`) ON DELETE NO ACTION ON UPDATE NO ACTION;

--
-- 테이블의 제약사항 `payment`
--
ALTER TABLE `payment`
  ADD CONSTRAINT `fk_payment_sale1` FOREIGN KEY (`sale_id`) REFERENCES `sale` (`id`) ON DELETE NO ACTION ON UPDATE NO ACTION;

--
-- 테이블의 제약사항 `product`
--
ALTER TABLE `product`
  ADD CONSTRAINT `fk_product_category1` FOREIGN KEY (`category_id`) REFERENCES `category` (`id`) ON DELETE NO ACTION ON UPDATE NO ACTION;

--
-- 테이블의 제약사항 `sale`
--
ALTER TABLE `sale`
  ADD CONSTRAINT `fk_sale_inquiry1` FOREIGN KEY (`inquiry_id`) REFERENCES `inquiry` (`id`) ON DELETE NO ACTION ON UPDATE NO ACTION;
COMMIT;

/*!40101 SET CHARACTER_SET_CLIENT=@OLD_CHARACTER_SET_CLIENT */;
/*!40101 SET CHARACTER_SET_RESULTS=@OLD_CHARACTER_SET_RESULTS */;
/*!40101 SET COLLATION_CONNECTION=@OLD_COLLATION_CONNECTION */;
